,NAME,PROPNAME,STORY,X,Y,POINT 2X,POINT 2Y,Label,Z Base,Level,ret,Section
0,112,CC_1000x1000_N65,B1,-9.4,10.4,13.25,-9.4,C65,16.35,B1,0,CC_1000x1000_N65
1,113,CC_1000x800_N80,L5,-9.4,10.4,35.550000000000004,-9.4,C65,40.9,L5,0,CC_1000x800_N80
2,114,CC_1000x800_N80,L4,-9.4,10.4,32.55,-9.4,C65,35.550000000000004,L4,0,CC_1000x800_N80
3,115,CC_1000x800_N80,L3,-9.4,10.4,29.55,-9.4,C65,32.55,L3,0,CC_1000x800_N80
4,116,CC_1000x800_N80,L2,-9.4,10.4,26.55,-9.4,C65,29.55,L2,0,CC_1000x800_N80
5,117,CC_1000x1000_N65,L1,-9.4,10.4,23.28,-9.4,C65,26.55,L1,0,CC_1000x1000_N65
6,118,CC_1000x1000_N65,MEZZ,-9.4,10.4,20.05,-9.4,C65,23.28,MEZZ,0,CC_1000x1000_N65
7,186,CC_1000x1000_N65,GL,-9.4,10.4,16.35,-9.4,C65,20.05,GL,0,CC_1000x1000_N65
8,187,CC_1000x1000_N65,B1,-9.4,7.5,13.25,-9.4,C92,16.35,B1,0,CC_1000x1000_N65
9,188,CC_1000x800_N80,L5,-9.4,7.5,35.550000000000004,-9.4,C92,40.9,L5,0,CC_1000x800_N80
10,189,CC_1000x800_N80,L4,-9.4,7.5,32.55,-9.4,C92,35.550000000000004,L4,0,CC_1000x800_N80
11,190,CC_1000x800_N80,L3,-9.4,7.5,29.55,-9.4,C92,32.55,L3,0,CC_1000x800_N80
12,191,CC_1000x800_N80,L2,-9.4,7.5,26.55,-9.4,C92,29.55,L2,0,CC_1000x800_N80
13,192,CC_1000x1000_N65,L1,-9.4,7.5,23.28,-9.4,C92,26.55,L1,0,CC_1000x1000_N65
14,193,CC_1000x1000_N65,MEZZ,-9.4,7.5,20.05,-9.4,C92,23.28,MEZZ,0,CC_1000x1000_N65
15,194,CC_1000x1000_N65,GL,-9.4,7.5,16.35,-9.4,C92,20.05,GL,0,CC_1000x1000_N65
16,195,CC_1200x1200_N65,MEZZ,0.0,7.5,20.05,0.0,C93,23.28,MEZZ,0,CC_1200x1200_N65
17,196,CC_1200x1200_N65,L5,0.0,7.5,35.550000000000004,0.0,C93,40.9,L5,0,CC_1200x1200_N65
18,197,CC_1200x1200_N65,L4,0.0,7.5,32.55,0.0,C93,35.550000000000004,L4,0,CC_1200x1200_N65
19,198,CC_1200x1200_N65,L3,0.0,7.5,29.55,0.0,C93,32.55,L3,0,CC_1200x1200_N65
20,199,CC_1200x1200_N65,L2,0.0,7.5,26.55,0.0,C93,29.55,L2,0,CC_1200x1200_N65
21,200,CC_1200x1200_N65,L1,0.0,7.5,23.28,0.0,C93,26.55,L1,0,CC_1200x1200_N65
22,201,CC_1000x800_N80,B1,9.4,7.5,13.25,9.4,C94,16.35,B1,0,CC_1000x800_N80
23,202,CC_1000x800_N80,B1,9.4,10.4,13.25,9.4,C95,16.35,B1,0,CC_1000x800_N80
24,203,CC_1000x800_N80,L5,9.4,7.5,35.550000000000004,9.4,C94,40.9,L5,0,CC_1000x800_N80
25,204,CC_1000x800_N80,L5,9.4,10.4,35.550000000000004,9.4,C95,40.9,L5,0,CC_1000x800_N80
26,205,CC_1000x800_N80,L4,9.4,7.5,32.55,9.4,C94,35.550000000000004,L4,0,CC_1000x800_N80
27,206,CC_1000x800_N80,L4,9.4,10.4,32.55,9.4,C95,35.550000000000004,L4,0,CC_1000x800_N80
28,207,CC_1000x800_N80,L3,9.4,7.5,29.55,9.4,C94,32.55,L3,0,CC_1000x800_N80
29,208,CC_1000x800_N80,L3,9.4,10.4,29.55,9.4,C95,32.55,L3,0,CC_1000x800_N80
30,209,CC_1000x800_N80,L2,9.4,7.5,26.55,9.4,C94,29.55,L2,0,CC_1000x800_N80
31,210,CC_1000x800_N80,L2,9.4,10.4,26.55,9.4,C95,29.55,L2,0,CC_1000x800_N80
32,211,CC_1000x1000_N65,L1,9.4,7.5,23.28,9.4,C94,26.55,L1,0,CC_1000x1000_N65
33,212,CC_1000x1000_N65,L1,9.4,10.4,23.28,9.4,C95,26.55,L1,0,CC_1000x1000_N65
34,213,CC_1000x1000_N65,MEZZ,9.4,7.5,20.05,9.4,C94,23.28,MEZZ,0,CC_1000x1000_N65
35,214,CC_1000x1000_N65,MEZZ,9.4,10.4,20.05,9.4,C95,23.28,MEZZ,0,CC_1000x1000_N65
36,215,CC_1000x800_N80,GL,9.4,7.5,16.35,9.4,C94,20.05,GL,0,CC_1000x800_N80
37,216,CC_1000x800_N80,GL,9.4,10.4,16.35,9.4,C95,20.05,GL,0,CC_1000x800_N80
38,217,CC_1000x800_N80,B1,18.85,7.5,13.25,18.85,C96,16.35,B1,0,CC_1000x800_N80
39,218,CC_1000x800_N80,B1,18.85,10.4,13.25,18.85,C97,16.35,B1,0,CC_1000x800_N80
40,219,CC_1000x800_N80,L5,18.85,7.5,35.550000000000004,18.85,C96,40.9,L5,0,CC_1000x800_N80
41,220,CC_1000x800_N80,L5,18.85,10.4,35.550000000000004,18.85,C97,40.9,L5,0,CC_1000x800_N80
42,221,CC_1000x800_N80,L4,18.85,7.5,32.55,18.85,C96,35.550000000000004,L4,0,CC_1000x800_N80
43,222,CC_1000x800_N80,L4,18.85,10.4,32.55,18.85,C97,35.550000000000004,L4,0,CC_1000x800_N80
44,223,CC_1000x800_N80,L3,18.85,7.5,29.55,18.85,C96,32.55,L3,0,CC_1000x800_N80
45,224,CC_1000x800_N80,L3,18.85,10.4,29.55,18.85,C97,32.55,L3,0,CC_1000x800_N80
46,225,CC_1000x800_N80,L2,18.85,7.5,26.55,18.85,C96,29.55,L2,0,CC_1000x800_N80
47,226,CC_1000x800_N80,L2,18.85,10.4,26.55,18.85,C97,29.55,L2,0,CC_1000x800_N80
48,227,CC_1000x1000_N65,L1,18.85,7.5,23.28,18.85,C96,26.55,L1,0,CC_1000x1000_N65
49,228,CC_1000x1000_N65,L1,18.85,10.4,23.28,18.85,C97,26.55,L1,0,CC_1000x1000_N65
50,229,CC_1000x1000_N65,MEZZ,18.85,7.5,20.05,18.85,C96,23.28,MEZZ,0,CC_1000x1000_N65
51,230,CC_1000x1000_N65,MEZZ,18.85,10.4,20.05,18.85,C97,23.28,MEZZ,0,CC_1000x1000_N65
52,231,CC_1000x800_N80,GL,18.85,7.5,16.35,18.85,C96,20.05,GL,0,CC_1000x800_N80
53,232,CC_1000x800_N80,GL,18.85,10.4,16.35,18.85,C97,20.05,GL,0,CC_1000x800_N80
54,233,CC_1000x800_N80,B1,22.555,7.5,13.25,22.555,C98,16.35,B1,0,CC_1000x800_N80
55,234,CC_1000x800_N80,B1,22.555,10.4,13.25,22.555,C99,16.35,B1,0,CC_1000x800_N80
56,235,CC_1000x800_N80,L5,22.555,7.5,35.550000000000004,22.555,C98,40.9,L5,0,CC_1000x800_N80
57,236,CC_1000x800_N80,L5,22.555,10.4,35.550000000000004,22.555,C99,40.9,L5,0,CC_1000x800_N80
58,237,CC_1000x800_N80,L4,22.555,7.5,32.55,22.555,C98,35.550000000000004,L4,0,CC_1000x800_N80
59,238,CC_1000x800_N80,L4,22.555,10.4,32.55,22.555,C99,35.550000000000004,L4,0,CC_1000x800_N80
60,239,CC_1000x800_N80,L3,22.555,7.5,29.55,22.555,C98,32.55,L3,0,CC_1000x800_N80
61,240,CC_1000x800_N80,L3,22.555,10.4,29.55,22.555,C99,32.55,L3,0,CC_1000x800_N80
62,241,CC_1000x800_N80,L2,22.555,7.5,26.55,22.555,C98,29.55,L2,0,CC_1000x800_N80
63,242,CC_1000x800_N80,L2,22.555,10.4,26.55,22.555,C99,29.55,L2,0,CC_1000x800_N80
64,243,CC_1000x1000_N65,L1,22.555,7.5,23.28,22.555,C98,26.55,L1,0,CC_1000x1000_N65
65,244,CC_1000x1000_N65,L1,22.555,10.4,23.28,22.555,C99,26.55,L1,0,CC_1000x1000_N65
66,245,CC_1000x1000_N65,MEZZ,22.555,7.5,20.05,22.555,C98,23.28,MEZZ,0,CC_1000x1000_N65
67,246,CC_1000x1000_N65,MEZZ,22.555,10.4,20.05,22.555,C99,23.28,MEZZ,0,CC_1000x1000_N65
68,247,CC_1000x800_N80,GL,22.555,7.5,16.35,22.555,C98,20.05,GL,0,CC_1000x800_N80
69,248,CC_1000x800_N80,GL,22.555,10.4,16.35,22.555,C99,20.05,GL,0,CC_1000x800_N80
70,249,CC_1000x300_N65,B1,31.1,7.5,13.25,31.1,C100,16.35,B1,0,CC_1000x300_N65
71,250,CC_1000x300_N65,B1,31.1,10.4,13.25,31.1,C101,16.35,B1,0,CC_1000x300_N65
72,251,CC_1000x300_N65,L5,31.1,7.5,35.550000000000004,31.1,C100,40.9,L5,0,CC_1000x300_N65
73,252,CC_1000x300_N65,L5,31.1,10.4,35.550000000000004,31.1,C101,40.9,L5,0,CC_1000x300_N65
74,253,CC_1000x300_N65,L4,31.1,7.5,32.55,31.1,C100,35.550000000000004,L4,0,CC_1000x300_N65
75,254,CC_1000x300_N65,L4,31.1,10.4,32.55,31.1,C101,35.550000000000004,L4,0,CC_1000x300_N65
76,255,CC_1000x300_N65,L3,31.1,7.5,29.55,31.1,C100,32.55,L3,0,CC_1000x300_N65
77,256,CC_1000x300_N65,L3,31.1,10.4,29.55,31.1,C101,32.55,L3,0,CC_1000x300_N65
78,257,CC_1000x300_N65,L2,31.1,7.5,26.55,31.1,C100,29.55,L2,0,CC_1000x300_N65
79,258,CC_1000x300_N65,L2,31.1,10.4,26.55,31.1,C101,29.55,L2,0,CC_1000x300_N65
80,259,CC_1000x1000_N65,L1,31.1,7.5,23.28,31.1,C100,26.55,L1,0,CC_1000x1000_N65
81,260,CC_1000x1000_N65,L1,31.1,10.4,23.28,31.1,C101,26.55,L1,0,CC_1000x1000_N65
82,261,CC_1000x1000_N65,MEZZ,31.1,7.5,20.05,31.1,C100,23.28,MEZZ,0,CC_1000x1000_N65
83,262,CC_1000x1000_N65,MEZZ,31.1,10.4,20.05,31.1,C101,23.28,MEZZ,0,CC_1000x1000_N65
84,263,CC_1000x300_N65,GL,31.1,7.5,16.35,31.1,C100,20.05,GL,0,CC_1000x300_N65
85,264,CC_1000x300_N65,GL,31.1,10.4,16.35,31.1,C101,20.05,GL,0,CC_1000x300_N65
86,265,CC_1000x1000_N65,L1,39.9,7.5,23.28,39.9,C9,26.55,L1,0,CC_1000x1000_N65
87,266,CC_1000x1000_N65,L1,39.9,10.4,23.28,39.9,C117,26.55,L1,0,CC_1000x1000_N65
88,267,CC_1000x300_N65,L2,39.9,7.5,26.55,39.9,C9,29.55,L2,0,CC_1000x300_N65
89,268,CC_1000x300_N65,L2,39.9,10.4,26.55,39.9,C117,29.55,L2,0,CC_1000x300_N65
90,269,CC_1000x300_N65,L5,39.9,7.5,35.550000000000004,39.9,C9,40.9,L5,0,CC_1000x300_N65
91,270,CC_1000x300_N65,L5,39.9,10.4,35.550000000000004,39.9,C117,40.9,L5,0,CC_1000x300_N65
92,271,CC_1000x300_N65,L4,39.9,7.5,32.55,39.9,C9,35.550000000000004,L4,0,CC_1000x300_N65
93,272,CC_1000x300_N65,L4,39.9,10.4,32.55,39.9,C117,35.550000000000004,L4,0,CC_1000x300_N65
94,273,CC_1000x300_N65,L3,39.9,7.5,29.55,39.9,C9,32.55,L3,0,CC_1000x300_N65
95,274,CC_1000x300_N65,L3,39.9,10.4,29.55,39.9,C117,32.55,L3,0,CC_1000x300_N65
96,275,CC_1000x500_N80,B1,40.61,-0.025,13.25,40.61,C104,16.35,B1,0,CC_1000x500_N80
97,276,CC_1000x300_N65,L5,40.61,-0.025,35.550000000000004,40.61,C104,40.9,L5,0,CC_1000x300_N65
98,277,CC_1000x300_N65,L4,40.61,-0.025,32.55,40.61,C104,35.550000000000004,L4,0,CC_1000x300_N65
99,278,CC_1000x300_N65,L3,40.61,-0.025,29.55,40.61,C104,32.55,L3,0,CC_1000x300_N65
100,279,CC_1000x300_N65,L2,40.61,-0.025,26.55,40.61,C104,29.55,L2,0,CC_1000x300_N65
101,280,CC_1000x500_N80,L1,40.61,-0.025,23.28,40.61,C104,26.55,L1,0,CC_1000x500_N80
102,281,CC_1000x500_N80,MEZZ,40.61,-0.025,20.05,40.61,C104,23.28,MEZZ,0,CC_1000x500_N80
103,282,CC_1000x500_N80,GL,40.61,-0.025,16.35,40.61,C104,20.05,GL,0,CC_1000x500_N80
104,283,CC_1000x500_N80,B1,40.61,-8.3,13.25,40.61,C105,16.35,B1,0,CC_1000x500_N80
105,284,CC_1000x300_N65,L5,40.61,-8.3,35.550000000000004,40.61,C105,40.9,L5,0,CC_1000x300_N65
106,285,CC_1000x300_N65,L4,40.61,-8.3,32.55,40.61,C105,35.550000000000004,L4,0,CC_1000x300_N65
107,286,CC_1000x300_N65,L3,40.61,-8.3,29.55,40.61,C105,32.55,L3,0,CC_1000x300_N65
108,287,CC_1000x300_N65,L2,40.61,-8.3,26.55,40.61,C105,29.55,L2,0,CC_1000x300_N65
109,288,CC_1000x500_N80,L1,40.61,-8.3,23.28,40.61,C105,26.55,L1,0,CC_1000x500_N80
110,289,CC_1000x500_N80,MEZZ,40.61,-8.3,20.05,40.61,C105,23.28,MEZZ,0,CC_1000x500_N80
111,290,CC_1000x500_N80,GL,40.61,-8.3,16.35,40.61,C105,20.05,GL,0,CC_1000x500_N80
112,291,CC_1000x800_N80,L5,28.45,-0.15,35.550000000000004,28.45,C106,40.9,L5,0,CC_1000x800_N80
113,292,CC_1000x800_N80,L5,32.11,-0.15,35.550000000000004,32.11,C107,40.9,L5,0,CC_1000x800_N80
114,293,CC_1000x800_N80,L4,28.45,-0.15,32.55,28.45,C106,35.550000000000004,L4,0,CC_1000x800_N80
115,294,CC_1000x800_N80,L4,32.11,-0.15,32.55,32.11,C107,35.550000000000004,L4,0,CC_1000x800_N80
116,295,CC_1000x800_N80,L3,28.45,-0.15,29.55,28.45,C106,32.55,L3,0,CC_1000x800_N80
117,296,CC_1000x800_N80,L3,32.11,-0.15,29.55,32.11,C107,32.55,L3,0,CC_1000x800_N80
118,297,CC_1000x800_N80,L2,28.45,-0.15,26.55,28.45,C106,29.55,L2,0,CC_1000x800_N80
119,298,CC_1000x800_N80,L2,32.11,-0.15,26.55,32.11,C107,29.55,L2,0,CC_1000x800_N80
120,299,CC_1000x800_N80,L1,28.45,-0.15,23.28,28.45,C106,26.55,L1,0,CC_1000x800_N80
121,300,CC_1000x800_N80,L1,32.11,-0.15,23.28,32.11,C107,26.55,L1,0,CC_1000x800_N80
122,301,CC_1000x800_N80,MEZZ,28.45,-0.15,20.05,28.45,C106,23.28,MEZZ,0,CC_1000x800_N80
123,302,CC_1000x800_N80,MEZZ,32.11,-0.15,20.05,32.11,C107,23.28,MEZZ,0,CC_1000x800_N80
124,303,CC_1000x800_N80,GL,28.45,-0.15,16.35,28.45,C106,20.05,GL,0,CC_1000x800_N80
125,304,CC_1000x800_N80,GL,32.11,-0.15,16.35,32.11,C107,20.05,GL,0,CC_1000x800_N80
126,305,CC_1000x800_N80,B1,28.45,-0.15,13.25,28.45,C106,16.35,B1,0,CC_1000x800_N80
127,306,CC_1000x800_N80,B1,32.11,-0.15,13.25,32.11,C107,16.35,B1,0,CC_1000x800_N80
128,307,CC_1000x800_N80,B1,17.8,-0.15,13.25,17.8,C108,16.35,B1,0,CC_1000x800_N80
129,308,CC_1000x800_N80,B1,20.7,-0.15,13.25,20.7,C109,16.35,B1,0,CC_1000x800_N80
130,309,CC_1000x800_N80,L5,17.8,-0.15,35.550000000000004,17.8,C108,40.9,L5,0,CC_1000x800_N80
131,310,CC_1000x800_N80,L5,20.7,-0.15,35.550000000000004,20.7,C109,40.9,L5,0,CC_1000x800_N80
132,311,CC_1000x800_N80,L4,17.8,-0.15,32.55,17.8,C108,35.550000000000004,L4,0,CC_1000x800_N80
133,312,CC_1000x800_N80,L4,20.7,-0.15,32.55,20.7,C109,35.550000000000004,L4,0,CC_1000x800_N80
134,313,CC_1000x800_N80,L3,17.8,-0.15,29.55,17.8,C108,32.55,L3,0,CC_1000x800_N80
135,314,CC_1000x800_N80,L3,20.7,-0.15,29.55,20.7,C109,32.55,L3,0,CC_1000x800_N80
136,315,CC_1000x800_N80,L2,17.8,-0.15,26.55,17.8,C108,29.55,L2,0,CC_1000x800_N80
137,316,CC_1000x800_N80,L2,20.7,-0.15,26.55,20.7,C109,29.55,L2,0,CC_1000x800_N80
138,317,CC_1000x1000_N65,L1,17.8,-0.15,23.28,17.8,C108,26.55,L1,0,CC_1000x1000_N65
139,318,CC_1000x1000_N65,L1,20.7,-0.15,23.28,20.7,C109,26.55,L1,0,CC_1000x1000_N65
140,319,CC_1000x1000_N65,MEZZ,17.8,-0.15,20.05,17.8,C108,23.28,MEZZ,0,CC_1000x1000_N65
141,320,CC_1000x1000_N65,MEZZ,20.7,-0.15,20.05,20.7,C109,23.28,MEZZ,0,CC_1000x1000_N65
142,321,CC_1000x800_N80,GL,17.8,-0.15,16.35,17.8,C108,20.05,GL,0,CC_1000x800_N80
143,322,CC_1000x800_N80,GL,20.7,-0.15,16.35,20.7,C109,20.05,GL,0,CC_1000x800_N80
144,324,CC_1000x800_N80,L5,9.4,-7.07,35.550000000000004,9.4,C110,40.9,L5,0,CC_1000x800_N80
145,325,CC_1000x800_N80,L4,9.4,-7.07,32.55,9.4,C110,35.550000000000004,L4,0,CC_1000x800_N80
146,326,CC_1000x800_N80,L3,9.4,-7.07,29.55,9.4,C110,32.55,L3,0,CC_1000x800_N80
147,327,CC_1000x800_N80,L2,9.4,-7.07,26.55,9.4,C110,29.55,L2,0,CC_1000x800_N80
148,328,CC_1000x800_N80,L1,9.4,-7.07,23.28,9.4,C110,26.55,L1,0,CC_1000x800_N80
149,329,CC_1000x800_N80,MEZZ,9.4,-7.07,20.05,9.4,C110,23.28,MEZZ,0,CC_1000x800_N80
150,330,CC_1000x800_N80,GL,9.4,-7.07,16.35,9.4,C110,20.05,GL,0,CC_1000x800_N80
151,332,CC_1000x800_N80,L5,9.4,0.0,35.550000000000004,9.4,C111,40.9,L5,0,CC_1000x800_N80
152,333,CC_1000x800_N80,L4,9.4,0.0,32.55,9.4,C111,35.550000000000004,L4,0,CC_1000x800_N80
153,334,CC_1000x800_N80,L3,9.4,0.0,29.55,9.4,C111,32.55,L3,0,CC_1000x800_N80
154,335,CC_1000x800_N80,L2,9.4,0.0,26.55,9.4,C111,29.55,L2,0,CC_1000x800_N80
155,336,CC_1000x800_N80,L1,9.4,0.0,23.28,9.4,C111,26.55,L1,0,CC_1000x800_N80
156,337,CC_1000x800_N80,MEZZ,9.4,0.0,20.05,9.4,C111,23.28,MEZZ,0,CC_1000x800_N80
157,338,CC_1000x800_N80,GL,9.4,0.0,16.35,9.4,C111,20.05,GL,0,CC_1000x800_N80
158,339,CC_1000x500_N80,B1,9.4,-15.69,13.25,9.4,C112,16.35,B1,0,CC_1000x500_N80
159,340,CC_1000x500_N80,B1,1.0,-15.69,13.25,1.0,C113,16.35,B1,0,CC_1000x500_N80
160,341,CC_1000x500_N80,B1,-1.69,-15.69,13.25,-1.69,C114,16.35,B1,0,CC_1000x500_N80
161,342,CC_1000x500_N80,B1,-10.09,-15.69,13.25,-10.09,C115,16.35,B1,0,CC_1000x500_N80
162,343,CC_1000x500_N80,L5,9.4,-15.69,35.550000000000004,9.4,C112,40.9,L5,0,CC_1000x500_N80
163,344,CC_1000x500_N80,L5,1.0,-15.69,35.550000000000004,1.0,C113,40.9,L5,0,CC_1000x500_N80
164,345,CC_1000x500_N80,L5,-1.69,-15.69,35.550000000000004,-1.69,C114,40.9,L5,0,CC_1000x500_N80
165,346,CC_1000x500_N80,L5,-10.09,-15.69,35.550000000000004,-10.09,C115,40.9,L5,0,CC_1000x500_N80
166,347,CC_1000x500_N80,L4,9.4,-15.69,32.55,9.4,C112,35.550000000000004,L4,0,CC_1000x500_N80
167,348,CC_1000x500_N80,L4,1.0,-15.69,32.55,1.0,C113,35.550000000000004,L4,0,CC_1000x500_N80
168,349,CC_1000x500_N80,L4,-1.69,-15.69,32.55,-1.69,C114,35.550000000000004,L4,0,CC_1000x500_N80
169,350,CC_1000x500_N80,L4,-10.09,-15.69,32.55,-10.09,C115,35.550000000000004,L4,0,CC_1000x500_N80
170,351,CC_1000x500_N80,L3,9.4,-15.69,29.55,9.4,C112,32.55,L3,0,CC_1000x500_N80
171,352,CC_1000x500_N80,L3,1.0,-15.69,29.55,1.0,C113,32.55,L3,0,CC_1000x500_N80
172,353,CC_1000x500_N80,L3,-1.69,-15.69,29.55,-1.69,C114,32.55,L3,0,CC_1000x500_N80
173,354,CC_1000x500_N80,L3,-10.09,-15.69,29.55,-10.09,C115,32.55,L3,0,CC_1000x500_N80
174,355,CC_1000x500_N80,L2,9.4,-15.69,26.55,9.4,C112,29.55,L2,0,CC_1000x500_N80
175,356,CC_1000x500_N80,L2,1.0,-15.69,26.55,1.0,C113,29.55,L2,0,CC_1000x500_N80
176,357,CC_1000x500_N80,L2,-1.69,-15.69,26.55,-1.69,C114,29.55,L2,0,CC_1000x500_N80
177,358,CC_1000x500_N80,L2,-10.09,-15.69,26.55,-10.09,C115,29.55,L2,0,CC_1000x500_N80
178,359,CC_1000x500_N80,L1,9.4,-15.69,23.28,9.4,C112,26.55,L1,0,CC_1000x500_N80
179,360,CC_1000x500_N80,L1,1.0,-15.69,23.28,1.0,C113,26.55,L1,0,CC_1000x500_N80
180,361,CC_1000x500_N80,L1,-1.69,-15.69,23.28,-1.69,C114,26.55,L1,0,CC_1000x500_N80
181,362,CC_1000x500_N80,L1,-10.09,-15.69,23.28,-10.09,C115,26.55,L1,0,CC_1000x500_N80
182,363,CC_1000x500_N80,MEZZ,9.4,-15.69,20.05,9.4,C112,23.28,MEZZ,0,CC_1000x500_N80
183,364,CC_1000x500_N80,MEZZ,1.0,-15.69,20.05,1.0,C113,23.28,MEZZ,0,CC_1000x500_N80
184,365,CC_1000x500_N80,MEZZ,-1.69,-15.69,20.05,-1.69,C114,23.28,MEZZ,0,CC_1000x500_N80
185,366,CC_1000x500_N80,MEZZ,-10.09,-15.69,20.05,-10.09,C115,23.28,MEZZ,0,CC_1000x500_N80
186,367,CC_1000x500_N80,GL,9.4,-15.69,16.35,9.4,C112,20.05,GL,0,CC_1000x500_N80
187,368,CC_1000x500_N80,GL,1.0,-15.69,16.35,1.0,C113,20.05,GL,0,CC_1000x500_N80
188,369,CC_1000x500_N80,GL,-1.69,-15.69,16.35,-1.69,C114,20.05,GL,0,CC_1000x500_N80
189,370,CC_1000x500_N80,GL,-10.09,-15.69,16.35,-10.09,C115,20.05,GL,0,CC_1000x500_N80
190,371,CC_1000x1000_N65,B1,-22.909966666666666,-0.7,13.25,-22.909966666666666,C103,16.35,B1,0,CC_1000x1000_N65
191,372,CC_1000x1000_N65,B1,-18.299966666666663,-0.7,13.25,-18.299966666666663,C102,16.35,B1,0,CC_1000x1000_N65
192,373,CC_1000x500_N80,L5,-22.909966666666666,-0.7,35.550000000000004,-22.909966666666666,C103,40.9,L5,0,CC_1000x500_N80
193,374,CC_1000x800_N80,L5,-18.299966666666663,-0.7,35.550000000000004,-18.299966666666663,C102,40.9,L5,0,CC_1000x800_N80
194,375,CC_1000x500_N80,L4,-22.909966666666666,-0.7,32.55,-22.909966666666666,C103,35.550000000000004,L4,0,CC_1000x500_N80
195,377,CC_1000x800_N80,L4,-18.299966666666663,-0.7,32.55,-18.299966666666663,C102,35.550000000000004,L4,0,CC_1000x800_N80
196,378,CC_1000x500_N80,L3,-22.909966666666666,-0.7,29.55,-22.909966666666666,C103,32.55,L3,0,CC_1000x500_N80
197,379,CC_1000x800_N80,L3,-18.299966666666663,-0.7,29.55,-18.299966666666663,C102,32.55,L3,0,CC_1000x800_N80
198,380,CC_1000x500_N80,L2,-22.909966666666666,-0.7,26.55,-22.909966666666666,C103,29.55,L2,0,CC_1000x500_N80
199,381,CC_1000x800_N80,L2,-18.299966666666663,-0.7,26.55,-18.299966666666663,C102,29.55,L2,0,CC_1000x800_N80
200,382,CC_1000x1000_N65,L1,-22.909966666666666,-0.7,23.28,-22.909966666666666,C103,26.55,L1,0,CC_1000x1000_N65
201,383,CC_1000x1000_N65,L1,-18.299966666666663,-0.7,23.28,-18.299966666666663,C102,26.55,L1,0,CC_1000x1000_N65
202,384,CC_1000x1000_N65,MEZZ,-22.909966666666666,-0.7,20.05,-22.909966666666666,C103,23.28,MEZZ,0,CC_1000x1000_N65
203,385,CC_1000x1000_N65,MEZZ,-18.299966666666663,-0.7,20.05,-18.299966666666663,C102,23.28,MEZZ,0,CC_1000x1000_N65
204,386,CC_1000x1000_N65,GL,-22.909966666666666,-0.7,16.35,-22.909966666666666,C103,20.05,GL,0,CC_1000x1000_N65
205,387,CC_1000x1000_N65,GL,-18.299966666666663,-0.7,16.35,-18.299966666666663,C102,20.05,GL,0,CC_1000x1000_N65
206,388,CC_1000x1000_N65,B1,-22.909966666666666,-9.35,13.25,-22.909966666666666,C118,16.35,B1,0,CC_1000x1000_N65
207,389,CC_1000x1000_N65,B1,-18.299966666666663,-9.35,13.25,-18.299966666666663,C119,16.35,B1,0,CC_1000x1000_N65
208,390,CC_1000x500_N80,L5,-22.909966666666666,-9.35,35.550000000000004,-22.909966666666666,C118,40.9,L5,0,CC_1000x500_N80
209,391,CC_1000x800_N80,L5,-18.299966666666663,-9.35,35.550000000000004,-18.299966666666663,C119,40.9,L5,0,CC_1000x800_N80
210,392,CC_1000x500_N80,L4,-22.909966666666666,-9.35,32.55,-22.909966666666666,C118,35.550000000000004,L4,0,CC_1000x500_N80
211,393,CC_1000x800_N80,L4,-18.299966666666663,-9.35,32.55,-18.299966666666663,C119,35.550000000000004,L4,0,CC_1000x800_N80
212,394,CC_1000x500_N80,L3,-22.909966666666666,-9.35,29.55,-22.909966666666666,C118,32.55,L3,0,CC_1000x500_N80
213,395,CC_1000x800_N80,L3,-18.299966666666663,-9.35,29.55,-18.299966666666663,C119,32.55,L3,0,CC_1000x800_N80
214,396,CC_1000x500_N80,L2,-22.909966666666666,-9.35,26.55,-22.909966666666666,C118,29.55,L2,0,CC_1000x500_N80
215,397,CC_1000x800_N80,L2,-18.299966666666663,-9.35,26.55,-18.299966666666663,C119,29.55,L2,0,CC_1000x800_N80
216,398,CC_1000x1000_N65,L1,-22.909966666666666,-9.35,23.28,-22.909966666666666,C118,26.55,L1,0,CC_1000x1000_N65
217,399,CC_1000x1000_N65,L1,-18.299966666666663,-9.35,23.28,-18.299966666666663,C119,26.55,L1,0,CC_1000x1000_N65
218,400,CC_1000x1000_N65,MEZZ,-22.909966666666666,-9.35,20.05,-22.909966666666666,C118,23.28,MEZZ,0,CC_1000x1000_N65
219,401,CC_1000x1000_N65,MEZZ,-18.299966666666663,-9.35,20.05,-18.299966666666663,C119,23.28,MEZZ,0,CC_1000x1000_N65
220,402,CC_1000x1000_N65,GL,-22.909966666666666,-9.35,16.35,-22.909966666666666,C118,20.05,GL,0,CC_1000x1000_N65
221,403,CC_1000x1000_N65,GL,-18.299966666666663,-9.35,16.35,-18.299966666666663,C119,20.05,GL,0,CC_1000x1000_N65
222,404,CC_1000x1000_N65,B1,-22.910866666666667,-14.52,13.25,-22.910866666666667,C120,16.35,B1,0,CC_1000x1000_N65
223,405,CC_1000x1000_N65,B1,-18.300866666666664,-14.52,13.25,-18.300866666666664,C121,16.35,B1,0,CC_1000x1000_N65
224,406,CC_1000x500_N80,L5,-22.910866666666667,-14.52,35.550000000000004,-22.910866666666667,C120,40.9,L5,0,CC_1000x500_N80
225,407,CC_1000x500_N80,L5,-18.300866666666664,-14.52,35.550000000000004,-18.300866666666664,C121,40.9,L5,0,CC_1000x500_N80
226,408,CC_1000x500_N80,L4,-22.910866666666667,-14.52,32.55,-22.910866666666667,C120,35.550000000000004,L4,0,CC_1000x500_N80
227,409,CC_1000x500_N80,L4,-18.300866666666664,-14.52,32.55,-18.300866666666664,C121,35.550000000000004,L4,0,CC_1000x500_N80
228,410,CC_2000x500_N80,L3,-22.910866666666667,-14.52,29.55,-22.910866666666667,C120,32.55,L3,0,CC_2000x500_N80
229,411,CC_1000x500_N80,L3,-18.300866666666664,-14.52,29.55,-18.300866666666664,C121,32.55,L3,0,CC_1000x500_N80
230,412,CC_2000x500_N80,L2,-22.910866666666667,-14.52,26.55,-22.910866666666667,C120,29.55,L2,0,CC_2000x500_N80
231,413,CC_1000x500_N80,L2,-18.300866666666664,-14.52,26.55,-18.300866666666664,C121,29.55,L2,0,CC_1000x500_N80
232,414,CC_1000x1000_N65,L1,-22.910866666666667,-14.52,23.28,-22.910866666666667,C120,26.55,L1,0,CC_1000x1000_N65
233,415,CC_1000x1000_N65,L1,-18.300866666666664,-14.52,23.28,-18.300866666666664,C121,26.55,L1,0,CC_1000x1000_N65
234,416,CC_1000x1000_N65,MEZZ,-22.910866666666667,-14.52,20.05,-22.910866666666667,C120,23.28,MEZZ,0,CC_1000x1000_N65
235,417,CC_1000x1000_N65,MEZZ,-18.300866666666664,-14.52,20.05,-18.300866666666664,C121,23.28,MEZZ,0,CC_1000x1000_N65
236,418,CC_1000x1000_N65,GL,-22.910866666666667,-14.52,16.35,-22.910866666666667,C120,20.05,GL,0,CC_1000x1000_N65
237,419,CC_1000x1000_N65,GL,-18.300866666666664,-14.52,16.35,-18.300866666666664,C121,20.05,GL,0,CC_1000x1000_N65
238,423,CC_1000x500_N80,B1,27.55,-9.450000000000001,13.25,27.55,C74,16.35,B1,0,CC_1000x500_N80
239,424,CC_1000x500_N80,L5,27.55,-9.450000000000001,35.550000000000004,27.55,C74,40.9,L5,0,CC_1000x500_N80
240,425,CC_1000x500_N80,L4,27.55,-9.450000000000001,32.55,27.55,C74,35.550000000000004,L4,0,CC_1000x500_N80
241,426,CC_1000x500_N80,L3,27.55,-9.450000000000001,29.55,27.55,C74,32.55,L3,0,CC_1000x500_N80
242,427,CC_1000x500_N80,L2,27.55,-9.450000000000001,26.55,27.55,C74,29.55,L2,0,CC_1000x500_N80
243,428,CC_1000x500_N80,L1,27.55,-9.450000000000001,23.28,27.55,C74,26.55,L1,0,CC_1000x500_N80
244,429,CC_1000x500_N80,MEZZ,27.55,-9.450000000000001,20.05,27.55,C74,23.28,MEZZ,0,CC_1000x500_N80
245,430,CC_1000x500_N80,GL,27.55,-9.450000000000001,16.35,27.55,C74,20.05,GL,0,CC_1000x500_N80
246,431,CC_1000x500_N80,MEZZ,18.400000000000002,-17.165,20.05,18.400000000000002,C125,23.28,MEZZ,0,CC_1000x500_N80
247,432,CC_1000x500_N80,L5,18.400000000000002,-17.165,35.550000000000004,18.400000000000002,C125,40.9,L5,0,CC_1000x500_N80
248,433,CC_1000x500_N80,L4,18.400000000000002,-17.165,32.55,18.400000000000002,C125,35.550000000000004,L4,0,CC_1000x500_N80
249,434,CC_1000x500_N80,L3,18.400000000000002,-17.165,29.55,18.400000000000002,C125,32.55,L3,0,CC_1000x500_N80
250,435,CC_1000x500_N80,L2,18.400000000000002,-17.165,26.55,18.400000000000002,C125,29.55,L2,0,CC_1000x500_N80
251,436,CC_1000x500_N80,L1,18.400000000000002,-17.165,23.28,18.400000000000002,C125,26.55,L1,0,CC_1000x500_N80
252,437,CC_1000x1000_N65,GL,-19.990000000000002,5.8,16.35,-19.990000000000002,C126,20.05,GL,0,CC_1000x1000_N65
253,438,CC_1000x1000_N65,L1,-19.990000000000002,5.8,23.28,-19.990000000000002,C126,26.55,L1,0,CC_1000x1000_N65
254,439,CC_1000x1000_N65,MEZZ,-19.990000000000002,5.8,20.05,-19.990000000000002,C126,23.28,MEZZ,0,CC_1000x1000_N65
255,584,CC_1000x800_N80,L5,-17.902,10.4,35.550000000000004,-17.902,C127,40.9,L5,0,CC_1000x800_N80
256,585,CC_1000x800_N80,L4,-17.902,10.4,32.55,-17.902,C127,35.550000000000004,L4,0,CC_1000x800_N80
257,586,CC_1000x800_N80,L5,-10.09,0.0,35.550000000000004,-10.09,C122,40.9,L5,0,CC_1000x800_N80
258,587,CC_1000x800_N80,L5,-10.09,-6.2,35.550000000000004,-10.09,C123,40.9,L5,0,CC_1000x800_N80
259,588,CC_1000x800_N80,L4,-10.09,0.0,32.55,-10.09,C122,35.550000000000004,L4,0,CC_1000x800_N80
260,589,CC_1000x800_N80,L4,-10.09,-6.2,32.55,-10.09,C123,35.550000000000004,L4,0,CC_1000x800_N80
261,590,CC_1000x800_N80,L3,-10.09,0.0,29.55,-10.09,C122,32.55,L3,0,CC_1000x800_N80
262,591,CC_1000x800_N80,L3,-10.09,-6.2,29.55,-10.09,C123,32.55,L3,0,CC_1000x800_N80
263,592,CC_1000x800_N80,L2,-10.09,0.0,26.55,-10.09,C122,29.55,L2,0,CC_1000x800_N80
264,593,CC_1000x800_N80,L2,-10.09,-6.2,26.55,-10.09,C123,29.55,L2,0,CC_1000x800_N80
265,594,CC_1000x800_N80,L1,-10.09,0.0,23.28,-10.09,C122,26.55,L1,0,CC_1000x800_N80
266,595,CC_1000x800_N80,L1,-10.09,-6.2,23.28,-10.09,C123,26.55,L1,0,CC_1000x800_N80
267,596,CC_1000x800_N80,MEZZ,-10.09,0.0,20.05,-10.09,C122,23.28,MEZZ,0,CC_1000x800_N80
268,600,CC_1000x800_N80,MEZZ,-10.09,-6.2,20.05,-10.09,C123,23.28,MEZZ,0,CC_1000x800_N80
269,622,CC_1000x800_N80,GL,-10.09,0.0,16.35,-10.09,C122,20.05,GL,0,CC_1000x800_N80
270,623,CC_1000x800_N80,GL,-10.09,-6.2,16.35,-10.09,C123,20.05,GL,0,CC_1000x800_N80
271,638,CC_750DIA_N65,L6,-17.902,10.4,40.9,-17.902,C127,44.35,L6,0,CC_750DIA_N65
272,692,CC_750DIA_N65,L6,18.85,10.4,40.9,18.85,C97,44.35,L6,0,CC_750DIA_N65
273,689,CC_1000x500_N80,L6,-10.09,-6.2,40.9,-10.09,C123,44.35,L6,0,CC_1000x500_N80
274,690,CC_1200x400_N80,L6,-22.909966666666666,-9.35,40.9,-22.909966666666666,C118,44.35,L6,0,CC_1200x400_N80
275,694,CC_1200x400_N80,L6,-22.909966666666666,-0.7,40.9,-22.909966666666666,C103,44.35,L6,0,CC_1200x400_N80
276,696,CC_800x450_N50,L6,-18.296,-14.739,40.9,-18.296,C134,44.35,L6,0,CC_800x450_N50
277,697,CC_800x450_N50,L6,-24.085,-14.753,40.9,-24.085,C135,44.35,L6,0,CC_800x450_N50
278,698,CC_800x450_N50,L6,-10.083,-14.758000000000001,40.9,-10.083,C136,44.35,L6,0,CC_800x450_N50
279,699,CC_800x450_N50,L6,9.153,-14.74,40.9,9.153,C137,44.35,L6,0,CC_800x450_N50
280,701,CC_800x450_N50,L6,17.687,-14.74,40.9,17.687,C138,44.35,L6,0,CC_800x450_N50
281,707,CC_800x450_N50,L6,27.423000000000002,-14.74,40.9,27.423000000000002,C139,44.35,L6,0,CC_800x450_N50
282,836,CC_750DIA_N65,L32,-17.902,10.4,130.6,-17.902,C127,134.05,L32,0,CC_750DIA_N65
283,874,CC_750DIA_N65,L32,18.85,10.4,130.6,18.85,C97,134.05,L32,0,CC_750DIA_N65
284,877,CC_1000x500_N80,L32,-10.09,-6.2,130.6,-10.09,C123,134.05,L32,0,CC_1000x500_N80
285,878,CC_1200x400_N80,L32,-22.909966666666666,-9.35,130.6,-22.909966666666666,C118,134.05,L32,0,CC_1200x400_N80
286,879,CC_1200x400_N80,L32,-22.909966666666666,-0.7,130.6,-22.909966666666666,C103,134.05,L32,0,CC_1200x400_N80
287,880,CC_800x450_N50,L32,-18.296,-14.739,130.6,-18.296,C134,134.05,L32,0,CC_800x450_N50
288,881,CC_800x450_N50,L32,-24.085,-14.753,130.6,-24.085,C135,134.05,L32,0,CC_800x450_N50
289,883,CC_800x450_N50,L32,-10.083,-14.758000000000001,130.6,-10.083,C136,134.05,L32,0,CC_800x450_N50
290,884,CC_800x450_N50,L32,9.153,-14.74,130.6,9.153,C137,134.05,L32,0,CC_800x450_N50
291,885,CC_800x450_N50,L32,17.687,-14.74,130.6,17.687,C138,134.05,L32,0,CC_800x450_N50
292,886,CC_800x450_N50,L32,27.423000000000002,-14.74,130.6,27.423000000000002,C139,134.05,L32,0,CC_800x450_N50
293,1119,CC_750DIA_N65,L30,-17.902,10.4,123.7,-17.902,C127,127.15,L30,0,CC_750DIA_N65
294,1120,CC_750DIA_N65,L30,18.85,10.4,123.7,18.85,C97,127.15,L30,0,CC_750DIA_N65
295,1122,CC_1000x500_N80,L30,-10.09,-6.2,123.7,-10.09,C123,127.15,L30,0,CC_1000x500_N80
296,1123,CC_1200x400_N80,L30,-22.909966666666666,-9.35,123.7,-22.909966666666666,C118,127.15,L30,0,CC_1200x400_N80
297,1124,CC_1200x400_N80,L30,-22.909966666666666,-0.7,123.7,-22.909966666666666,C103,127.15,L30,0,CC_1200x400_N80
298,1125,CC_800x450_N50,L30,-18.296,-14.739,123.7,-18.296,C134,127.15,L30,0,CC_800x450_N50
299,1126,CC_800x450_N50,L30,-24.085,-14.753,123.7,-24.085,C135,127.15,L30,0,CC_800x450_N50
300,1127,CC_800x450_N50,L30,-10.083,-14.758000000000001,123.7,-10.083,C136,127.15,L30,0,CC_800x450_N50
301,1128,CC_800x450_N50,L30,9.153,-14.74,123.7,9.153,C137,127.15,L30,0,CC_800x450_N50
302,1129,CC_800x450_N50,L30,17.687,-14.74,123.7,17.687,C138,127.15,L30,0,CC_800x450_N50
303,1131,CC_800x450_N50,L30,27.423000000000002,-14.74,123.7,27.423000000000002,C139,127.15,L30,0,CC_800x450_N50
304,1785,CC_750DIA_N65,L28,-17.902,10.4,116.8,-17.902,C127,120.25,L28,0,CC_750DIA_N65
305,1786,CC_750DIA_N65,L28,18.85,10.4,116.8,18.85,C97,120.25,L28,0,CC_750DIA_N65
306,1788,CC_1000x500_N80,L28,-10.09,-6.2,116.8,-10.09,C123,120.25,L28,0,CC_1000x500_N80
307,1800,CC_1200x400_N80,L28,-22.909966666666666,-9.35,116.8,-22.909966666666666,C118,120.25,L28,0,CC_1200x400_N80
308,1801,CC_1200x400_N80,L28,-22.909966666666666,-0.7,116.8,-22.909966666666666,C103,120.25,L28,0,CC_1200x400_N80
309,1802,CC_800x450_N50,L28,-18.296,-14.739,116.8,-18.296,C134,120.25,L28,0,CC_800x450_N50
310,1803,CC_800x450_N50,L28,-24.085,-14.753,116.8,-24.085,C135,120.25,L28,0,CC_800x450_N50
311,1804,CC_800x450_N50,L28,-10.083,-14.758000000000001,116.8,-10.083,C136,120.25,L28,0,CC_800x450_N50
312,1805,CC_800x450_N50,L28,9.153,-14.74,116.8,9.153,C137,120.25,L28,0,CC_800x450_N50
313,1806,CC_800x450_N50,L28,17.687,-14.74,116.8,17.687,C138,120.25,L28,0,CC_800x450_N50
314,1807,CC_800x450_N50,L28,27.423000000000002,-14.74,116.8,27.423000000000002,C139,120.25,L28,0,CC_800x450_N50
315,2049,CC_750DIA_N65,L26,-17.902,10.4,109.9,-17.902,C127,113.35000000000001,L26,0,CC_750DIA_N65
316,2050,CC_750DIA_N65,L26,18.85,10.4,109.9,18.85,C97,113.35000000000001,L26,0,CC_750DIA_N65
317,2052,CC_1000x500_N80,L26,-10.09,-6.2,109.9,-10.09,C123,113.35000000000001,L26,0,CC_1000x500_N80
318,2053,CC_1200x400_N80,L26,-22.909966666666666,-9.35,109.9,-22.909966666666666,C118,113.35000000000001,L26,0,CC_1200x400_N80
319,2054,CC_1200x400_N80,L26,-22.909966666666666,-0.7,109.9,-22.909966666666666,C103,113.35000000000001,L26,0,CC_1200x400_N80
320,2055,CC_800x450_N50,L26,-18.296,-14.739,109.9,-18.296,C134,113.35000000000001,L26,0,CC_800x450_N50
321,2056,CC_800x450_N50,L26,-24.085,-14.753,109.9,-24.085,C135,113.35000000000001,L26,0,CC_800x450_N50
322,2057,CC_800x450_N50,L26,-10.083,-14.758000000000001,109.9,-10.083,C136,113.35000000000001,L26,0,CC_800x450_N50
323,2058,CC_800x450_N50,L26,9.153,-14.74,109.9,9.153,C137,113.35000000000001,L26,0,CC_800x450_N50
324,2059,CC_800x450_N50,L26,17.687,-14.74,109.9,17.687,C138,113.35000000000001,L26,0,CC_800x450_N50
325,2060,CC_800x450_N50,L26,27.423000000000002,-14.74,109.9,27.423000000000002,C139,113.35000000000001,L26,0,CC_800x450_N50
326,2293,CC_750DIA_N65,L24,-17.902,10.4,103.0,-17.902,C127,106.45,L24,0,CC_750DIA_N65
327,2294,CC_750DIA_N65,L24,18.85,10.4,103.0,18.85,C97,106.45,L24,0,CC_750DIA_N65
328,2296,CC_1000x500_N80,L24,-10.09,-6.2,103.0,-10.09,C123,106.45,L24,0,CC_1000x500_N80
329,2297,CC_1200x400_N80,L24,-22.909966666666666,-9.35,103.0,-22.909966666666666,C118,106.45,L24,0,CC_1200x400_N80
330,2298,CC_1200x400_N80,L24,-22.909966666666666,-0.7,103.0,-22.909966666666666,C103,106.45,L24,0,CC_1200x400_N80
331,2299,CC_800x450_N50,L24,-18.296,-14.739,103.0,-18.296,C134,106.45,L24,0,CC_800x450_N50
332,2300,CC_800x450_N50,L24,-24.085,-14.753,103.0,-24.085,C135,106.45,L24,0,CC_800x450_N50
333,2301,CC_800x450_N50,L24,-10.083,-14.758000000000001,103.0,-10.083,C136,106.45,L24,0,CC_800x450_N50
334,2302,CC_800x450_N50,L24,9.153,-14.74,103.0,9.153,C137,106.45,L24,0,CC_800x450_N50
335,2303,CC_800x450_N50,L24,17.687,-14.74,103.0,17.687,C138,106.45,L24,0,CC_800x450_N50
336,2304,CC_800x450_N50,L24,27.423000000000002,-14.74,103.0,27.423000000000002,C139,106.45,L24,0,CC_800x450_N50
337,2537,CC_750DIA_N65,L22,-17.902,10.4,96.10000000000001,-17.902,C127,99.55,L22,0,CC_750DIA_N65
338,2538,CC_750DIA_N65,L22,18.85,10.4,96.10000000000001,18.85,C97,99.55,L22,0,CC_750DIA_N65
339,2540,CC_1000x500_N80,L22,-10.09,-6.2,96.10000000000001,-10.09,C123,99.55,L22,0,CC_1000x500_N80
340,2541,CC_1200x400_N80,L22,-22.909966666666666,-9.35,96.10000000000001,-22.909966666666666,C118,99.55,L22,0,CC_1200x400_N80
341,2542,CC_1200x400_N80,L22,-22.909966666666666,-0.7,96.10000000000001,-22.909966666666666,C103,99.55,L22,0,CC_1200x400_N80
342,2543,CC_800x450_N50,L22,-18.296,-14.739,96.10000000000001,-18.296,C134,99.55,L22,0,CC_800x450_N50
343,2544,CC_800x450_N50,L22,-24.085,-14.753,96.10000000000001,-24.085,C135,99.55,L22,0,CC_800x450_N50
344,2545,CC_800x450_N50,L22,-10.083,-14.758000000000001,96.10000000000001,-10.083,C136,99.55,L22,0,CC_800x450_N50
345,2546,CC_800x450_N50,L22,9.153,-14.74,96.10000000000001,9.153,C137,99.55,L22,0,CC_800x450_N50
346,2547,CC_800x450_N50,L22,17.687,-14.74,96.10000000000001,17.687,C138,99.55,L22,0,CC_800x450_N50
347,2548,CC_800x450_N50,L22,27.423000000000002,-14.74,96.10000000000001,27.423000000000002,C139,99.55,L22,0,CC_800x450_N50
348,2781,CC_750DIA_N65,L20,-17.902,10.4,89.2,-17.902,C127,92.65,L20,0,CC_750DIA_N65
349,2782,CC_750DIA_N65,L20,18.85,10.4,89.2,18.85,C97,92.65,L20,0,CC_750DIA_N65
350,2784,CC_1000x500_N80,L20,-10.09,-6.2,89.2,-10.09,C123,92.65,L20,0,CC_1000x500_N80
351,2785,CC_1200x400_N80,L20,-22.909966666666666,-9.35,89.2,-22.909966666666666,C118,92.65,L20,0,CC_1200x400_N80
352,2786,CC_1200x400_N80,L20,-22.909966666666666,-0.7,89.2,-22.909966666666666,C103,92.65,L20,0,CC_1200x400_N80
353,2787,CC_800x450_N50,L20,-18.296,-14.739,89.2,-18.296,C134,92.65,L20,0,CC_800x450_N50
354,2788,CC_800x450_N50,L20,-24.085,-14.753,89.2,-24.085,C135,92.65,L20,0,CC_800x450_N50
355,2789,CC_800x450_N50,L20,-10.083,-14.758000000000001,89.2,-10.083,C136,92.65,L20,0,CC_800x450_N50
356,2790,CC_800x450_N50,L20,9.153,-14.74,89.2,9.153,C137,92.65,L20,0,CC_800x450_N50
357,2791,CC_800x450_N50,L20,17.687,-14.74,89.2,17.687,C138,92.65,L20,0,CC_800x450_N50
358,2792,CC_800x450_N50,L20,27.423000000000002,-14.74,89.2,27.423000000000002,C139,92.65,L20,0,CC_800x450_N50
359,3027,CC_750DIA_N65,L18,-17.902,10.4,82.3,-17.902,C127,85.75,L18,0,CC_750DIA_N65
360,3028,CC_750DIA_N65,L18,18.85,10.4,82.3,18.85,C97,85.75,L18,0,CC_750DIA_N65
361,3030,CC_1000x500_N80,L18,-10.09,-6.2,82.3,-10.09,C123,85.75,L18,0,CC_1000x500_N80
362,3031,CC_1200x400_N80,L18,-22.909966666666666,-9.35,82.3,-22.909966666666666,C118,85.75,L18,0,CC_1200x400_N80
363,3032,CC_1200x400_N80,L18,-22.909966666666666,-0.7,82.3,-22.909966666666666,C103,85.75,L18,0,CC_1200x400_N80
364,3033,CC_800x450_N50,L18,-18.296,-14.739,82.3,-18.296,C134,85.75,L18,0,CC_800x450_N50
365,3034,CC_800x450_N50,L18,-24.085,-14.753,82.3,-24.085,C135,85.75,L18,0,CC_800x450_N50
366,3035,CC_800x450_N50,L18,-10.083,-14.758000000000001,82.3,-10.083,C136,85.75,L18,0,CC_800x450_N50
367,3036,CC_800x450_N50,L18,9.153,-14.74,82.3,9.153,C137,85.75,L18,0,CC_800x450_N50
368,3037,CC_800x450_N50,L18,17.687,-14.74,82.3,17.687,C138,85.75,L18,0,CC_800x450_N50
369,3038,CC_800x450_N50,L18,27.423000000000002,-14.74,82.3,27.423000000000002,C139,85.75,L18,0,CC_800x450_N50
370,3271,CC_750DIA_N65,L16,-17.902,10.4,75.4,-17.902,C127,78.85000000000001,L16,0,CC_750DIA_N65
371,3272,CC_750DIA_N65,L16,18.85,10.4,75.4,18.85,C97,78.85000000000001,L16,0,CC_750DIA_N65
372,3274,CC_1000x500_N80,L16,-10.09,-6.2,75.4,-10.09,C123,78.85000000000001,L16,0,CC_1000x500_N80
373,3275,CC_1200x400_N80,L16,-22.909966666666666,-9.35,75.4,-22.909966666666666,C118,78.85000000000001,L16,0,CC_1200x400_N80
374,3276,CC_1200x400_N80,L16,-22.909966666666666,-0.7,75.4,-22.909966666666666,C103,78.85000000000001,L16,0,CC_1200x400_N80
375,3277,CC_800x450_N50,L16,-18.296,-14.739,75.4,-18.296,C134,78.85000000000001,L16,0,CC_800x450_N50
376,3278,CC_800x450_N50,L16,-24.085,-14.753,75.4,-24.085,C135,78.85000000000001,L16,0,CC_800x450_N50
377,3279,CC_800x450_N50,L16,-10.083,-14.758000000000001,75.4,-10.083,C136,78.85000000000001,L16,0,CC_800x450_N50
378,3280,CC_800x450_N50,L16,9.153,-14.74,75.4,9.153,C137,78.85000000000001,L16,0,CC_800x450_N50
379,3281,CC_800x450_N50,L16,17.687,-14.74,75.4,17.687,C138,78.85000000000001,L16,0,CC_800x450_N50
380,3282,CC_800x450_N50,L16,27.423000000000002,-14.74,75.4,27.423000000000002,C139,78.85000000000001,L16,0,CC_800x450_N50
381,3515,CC_750DIA_N65,L14,-17.902,10.4,68.5,-17.902,C127,71.95,L14,0,CC_750DIA_N65
382,3516,CC_750DIA_N65,L14,18.85,10.4,68.5,18.85,C97,71.95,L14,0,CC_750DIA_N65
383,3518,CC_1000x500_N80,L14,-10.09,-6.2,68.5,-10.09,C123,71.95,L14,0,CC_1000x500_N80
384,3519,CC_1200x400_N80,L14,-22.909966666666666,-9.35,68.5,-22.909966666666666,C118,71.95,L14,0,CC_1200x400_N80
385,3520,CC_1200x400_N80,L14,-22.909966666666666,-0.7,68.5,-22.909966666666666,C103,71.95,L14,0,CC_1200x400_N80
386,3521,CC_800x450_N50,L14,-18.296,-14.739,68.5,-18.296,C134,71.95,L14,0,CC_800x450_N50
387,3522,CC_800x450_N50,L14,-24.085,-14.753,68.5,-24.085,C135,71.95,L14,0,CC_800x450_N50
388,3523,CC_800x450_N50,L14,-10.083,-14.758000000000001,68.5,-10.083,C136,71.95,L14,0,CC_800x450_N50
389,3524,CC_800x450_N50,L14,9.153,-14.74,68.5,9.153,C137,71.95,L14,0,CC_800x450_N50
390,3525,CC_800x450_N50,L14,17.687,-14.74,68.5,17.687,C138,71.95,L14,0,CC_800x450_N50
391,3526,CC_800x450_N50,L14,27.423000000000002,-14.74,68.5,27.423000000000002,C139,71.95,L14,0,CC_800x450_N50
392,3759,CC_750DIA_N65,L12,-17.902,10.4,61.6,-17.902,C127,65.05,L12,0,CC_750DIA_N65
393,3760,CC_750DIA_N65,L12,18.85,10.4,61.6,18.85,C97,65.05,L12,0,CC_750DIA_N65
394,3762,CC_1000x500_N80,L12,-10.09,-6.2,61.6,-10.09,C123,65.05,L12,0,CC_1000x500_N80
395,3763,CC_1200x400_N80,L12,-22.909966666666666,-9.35,61.6,-22.909966666666666,C118,65.05,L12,0,CC_1200x400_N80
396,3764,CC_1200x400_N80,L12,-22.909966666666666,-0.7,61.6,-22.909966666666666,C103,65.05,L12,0,CC_1200x400_N80
397,3765,CC_800x450_N50,L12,-18.296,-14.739,61.6,-18.296,C134,65.05,L12,0,CC_800x450_N50
398,3766,CC_800x450_N50,L12,-24.085,-14.753,61.6,-24.085,C135,65.05,L12,0,CC_800x450_N50
399,3767,CC_800x450_N50,L12,-10.083,-14.758000000000001,61.6,-10.083,C136,65.05,L12,0,CC_800x450_N50
400,3768,CC_800x450_N50,L12,9.153,-14.74,61.6,9.153,C137,65.05,L12,0,CC_800x450_N50
401,3769,CC_800x450_N50,L12,17.687,-14.74,61.6,17.687,C138,65.05,L12,0,CC_800x450_N50
402,3770,CC_800x450_N50,L12,27.423000000000002,-14.74,61.6,27.423000000000002,C139,65.05,L12,0,CC_800x450_N50
403,4003,CC_750DIA_N65,L10,-17.902,10.4,54.7,-17.902,C127,58.15,L10,0,CC_750DIA_N65
404,4004,CC_750DIA_N65,L10,18.85,10.4,54.7,18.85,C97,58.15,L10,0,CC_750DIA_N65
405,4006,CC_1000x500_N80,L10,-10.09,-6.2,54.7,-10.09,C123,58.15,L10,0,CC_1000x500_N80
406,4007,CC_1200x400_N80,L10,-22.909966666666666,-9.35,54.7,-22.909966666666666,C118,58.15,L10,0,CC_1200x400_N80
407,4008,CC_1200x400_N80,L10,-22.909966666666666,-0.7,54.7,-22.909966666666666,C103,58.15,L10,0,CC_1200x400_N80
408,4009,CC_800x450_N50,L10,-18.296,-14.739,54.7,-18.296,C134,58.15,L10,0,CC_800x450_N50
409,4010,CC_800x450_N50,L10,-24.085,-14.753,54.7,-24.085,C135,58.15,L10,0,CC_800x450_N50
410,4011,CC_800x450_N50,L10,-10.083,-14.758000000000001,54.7,-10.083,C136,58.15,L10,0,CC_800x450_N50
411,4012,CC_800x450_N50,L10,9.153,-14.74,54.7,9.153,C137,58.15,L10,0,CC_800x450_N50
412,4013,CC_800x450_N50,L10,17.687,-14.74,54.7,17.687,C138,58.15,L10,0,CC_800x450_N50
413,4014,CC_800x450_N50,L10,27.423000000000002,-14.74,54.7,27.423000000000002,C139,58.15,L10,0,CC_800x450_N50
414,4247,CC_750DIA_N65,L8,-17.902,10.4,47.800000000000004,-17.902,C127,51.25,L8,0,CC_750DIA_N65
415,4248,CC_750DIA_N65,L8,18.85,10.4,47.800000000000004,18.85,C97,51.25,L8,0,CC_750DIA_N65
416,4250,CC_1000x500_N80,L8,-10.09,-6.2,47.800000000000004,-10.09,C123,51.25,L8,0,CC_1000x500_N80
417,4251,CC_1200x400_N80,L8,-22.909966666666666,-9.35,47.800000000000004,-22.909966666666666,C118,51.25,L8,0,CC_1200x400_N80
418,4252,CC_1200x400_N80,L8,-22.909966666666666,-0.7,47.800000000000004,-22.909966666666666,C103,51.25,L8,0,CC_1200x400_N80
419,4253,CC_800x450_N50,L8,-18.296,-14.739,47.800000000000004,-18.296,C134,51.25,L8,0,CC_800x450_N50
420,4254,CC_800x450_N50,L8,-24.085,-14.753,47.800000000000004,-24.085,C135,51.25,L8,0,CC_800x450_N50
421,4255,CC_800x450_N50,L8,-10.083,-14.758000000000001,47.800000000000004,-10.083,C136,51.25,L8,0,CC_800x450_N50
422,4256,CC_800x450_N50,L8,9.153,-14.74,47.800000000000004,9.153,C137,51.25,L8,0,CC_800x450_N50
423,4257,CC_800x450_N50,L8,17.687,-14.74,47.800000000000004,17.687,C138,51.25,L8,0,CC_800x450_N50
424,4258,CC_800x450_N50,L8,27.423000000000002,-14.74,47.800000000000004,27.423000000000002,C139,51.25,L8,0,CC_800x450_N50
425,4369,CC_750DIA_N65,L7,-17.902,10.4,44.35,-17.902,C127,47.800000000000004,L7,0,CC_750DIA_N65
426,4370,CC_750DIA_N65,L7,18.85,10.4,44.35,18.85,C97,47.800000000000004,L7,0,CC_750DIA_N65
427,4372,CC_1000x500_N80,L7,-10.09,-6.2,44.35,-10.09,C123,47.800000000000004,L7,0,CC_1000x500_N80
428,4373,CC_1200x400_N80,L7,-22.909966666666666,-9.35,44.35,-22.909966666666666,C118,47.800000000000004,L7,0,CC_1200x400_N80
429,4374,CC_1200x400_N80,L7,-22.909966666666666,-0.7,44.35,-22.909966666666666,C103,47.800000000000004,L7,0,CC_1200x400_N80
430,4375,CC_800x450_N50,L7,-18.296,-14.739,44.35,-18.296,C134,47.800000000000004,L7,0,CC_800x450_N50
431,4376,CC_800x450_N50,L7,-24.085,-14.753,44.35,-24.085,C135,47.800000000000004,L7,0,CC_800x450_N50
432,4377,CC_800x450_N50,L7,-10.083,-14.758000000000001,44.35,-10.083,C136,47.800000000000004,L7,0,CC_800x450_N50
433,4378,CC_800x450_N50,L7,9.153,-14.74,44.35,9.153,C137,47.800000000000004,L7,0,CC_800x450_N50
434,4379,CC_800x450_N50,L7,17.687,-14.74,44.35,17.687,C138,47.800000000000004,L7,0,CC_800x450_N50
435,4380,CC_800x450_N50,L7,27.423000000000002,-14.74,44.35,27.423000000000002,C139,47.800000000000004,L7,0,CC_800x450_N50
436,4381,CC_750DIA_N65,L35 RT,-17.902,10.4,141.5,-17.902,C127,146.65,L35 RT,0,CC_750DIA_N65
437,4382,CC_750DIA_N65,L35 RT,18.85,10.4,141.5,18.85,C97,146.65,L35 RT,0,CC_750DIA_N65
438,4384,CC_1000x500_N80,L35 RT,-10.09,-6.2,141.5,-10.09,C123,146.65,L35 RT,0,CC_1000x500_N80
439,4385,CC_1200x400_N80,L35 RT,-22.909966666666666,-9.35,141.5,-22.909966666666666,C118,146.65,L35 RT,0,CC_1200x400_N80
440,4386,CC_1200x400_N80,L35 RT,-22.909966666666666,-0.7,141.5,-22.909966666666666,C103,146.65,L35 RT,0,CC_1200x400_N80
441,4387,CC_800x450_N50,L35 RT,-18.296,-14.739,141.5,-18.296,C134,146.65,L35 RT,0,CC_800x450_N50
442,4388,CC_800x450_N50,L35 RT,-24.085,-14.753,141.5,-24.085,C135,146.65,L35 RT,0,CC_800x450_N50
443,4389,CC_800x450_N50,L35 RT,-10.083,-14.758000000000001,141.5,-10.083,C136,146.65,L35 RT,0,CC_800x450_N50
444,4390,CC_800x450_N50,L35 RT,9.153,-14.74,141.5,9.153,C137,146.65,L35 RT,0,CC_800x450_N50
445,4391,CC_800x450_N50,L35 RT,17.687,-14.74,141.5,17.687,C138,146.65,L35 RT,0,CC_800x450_N50
446,4392,CC_800x450_N50,L35 RT,27.423000000000002,-14.74,141.5,27.423000000000002,C139,146.65,L35 RT,0,CC_800x450_N50
447,4393,CC_750DIA_N65,L34 RTU,-17.902,10.4,138.8,-17.902,C127,141.5,L34 RTU,0,CC_750DIA_N65
448,4394,CC_750DIA_N65,L34 RTU,18.85,10.4,138.8,18.85,C97,141.5,L34 RTU,0,CC_750DIA_N65
449,4396,CC_1000x500_N80,L34 RTU,-10.09,-6.2,138.8,-10.09,C123,141.5,L34 RTU,0,CC_1000x500_N80
450,4397,CC_1200x400_N80,L34 RTU,-22.909966666666666,-9.35,138.8,-22.909966666666666,C118,141.5,L34 RTU,0,CC_1200x400_N80
451,4398,CC_1200x400_N80,L34 RTU,-22.909966666666666,-0.7,138.8,-22.909966666666666,C103,141.5,L34 RTU,0,CC_1200x400_N80
452,4399,CC_800x450_N50,L34 RTU,-18.296,-14.739,138.8,-18.296,C134,141.5,L34 RTU,0,CC_800x450_N50
453,4400,CC_800x450_N50,L34 RTU,-24.085,-14.753,138.8,-24.085,C135,141.5,L34 RTU,0,CC_800x450_N50
454,4401,CC_800x450_N50,L34 RTU,-10.083,-14.758000000000001,138.8,-10.083,C136,141.5,L34 RTU,0,CC_800x450_N50
455,4402,CC_800x450_N50,L34 RTU,9.153,-14.74,138.8,9.153,C137,141.5,L34 RTU,0,CC_800x450_N50
456,4403,CC_800x450_N50,L34 RTU,17.687,-14.74,138.8,17.687,C138,141.5,L34 RTU,0,CC_800x450_N50
457,4404,CC_800x450_N50,L34 RTU,27.423000000000002,-14.74,138.8,27.423000000000002,C139,141.5,L34 RTU,0,CC_800x450_N50
458,4405,CC_750DIA_N65,L33,-17.902,10.4,134.05,-17.902,C127,138.8,L33,0,CC_750DIA_N65
459,4406,CC_750DIA_N65,L33,18.85,10.4,134.05,18.85,C97,138.8,L33,0,CC_750DIA_N65
460,4408,CC_1000x500_N80,L33,-10.09,-6.2,134.05,-10.09,C123,138.8,L33,0,CC_1000x500_N80
461,4409,CC_1200x400_N80,L33,-22.909966666666666,-9.35,134.05,-22.909966666666666,C118,138.8,L33,0,CC_1200x400_N80
462,4410,CC_1200x400_N80,L33,-22.909966666666666,-0.7,134.05,-22.909966666666666,C103,138.8,L33,0,CC_1200x400_N80
463,4411,CC_800x450_N50,L33,-18.296,-14.739,134.05,-18.296,C134,138.8,L33,0,CC_800x450_N50
464,4412,CC_800x450_N50,L33,-24.085,-14.753,134.05,-24.085,C135,138.8,L33,0,CC_800x450_N50
465,4413,CC_800x450_N50,L33,-10.083,-14.758000000000001,134.05,-10.083,C136,138.8,L33,0,CC_800x450_N50
466,4414,CC_800x450_N50,L33,9.153,-14.74,134.05,9.153,C137,138.8,L33,0,CC_800x450_N50
467,4415,CC_800x450_N50,L33,17.687,-14.74,134.05,17.687,C138,138.8,L33,0,CC_800x450_N50
468,4416,CC_800x450_N50,L33,27.423000000000002,-14.74,134.05,27.423000000000002,C139,138.8,L33,0,CC_800x450_N50
469,4545,CC_750DIA_N65,L31,-17.902,10.4,127.15,-17.902,C127,130.6,L31,0,CC_750DIA_N65
470,4546,CC_750DIA_N65,L31,18.85,10.4,127.15,18.85,C97,130.6,L31,0,CC_750DIA_N65
471,4548,CC_1000x500_N80,L31,-10.09,-6.2,127.15,-10.09,C123,130.6,L31,0,CC_1000x500_N80
472,4549,CC_1200x400_N80,L31,-22.909966666666666,-9.35,127.15,-22.909966666666666,C118,130.6,L31,0,CC_1200x400_N80
473,4550,CC_1200x400_N80,L31,-22.909966666666666,-0.7,127.15,-22.909966666666666,C103,130.6,L31,0,CC_1200x400_N80
474,4551,CC_800x450_N50,L31,-18.296,-14.739,127.15,-18.296,C134,130.6,L31,0,CC_800x450_N50
475,4552,CC_800x450_N50,L31,-24.085,-14.753,127.15,-24.085,C135,130.6,L31,0,CC_800x450_N50
476,4553,CC_800x450_N50,L31,-10.083,-14.758000000000001,127.15,-10.083,C136,130.6,L31,0,CC_800x450_N50
477,4554,CC_800x450_N50,L31,9.153,-14.74,127.15,9.153,C137,130.6,L31,0,CC_800x450_N50
478,4555,CC_800x450_N50,L31,17.687,-14.74,127.15,17.687,C138,130.6,L31,0,CC_800x450_N50
479,4556,CC_800x450_N50,L31,27.423000000000002,-14.74,127.15,27.423000000000002,C139,130.6,L31,0,CC_800x450_N50
480,4667,CC_750DIA_N65,L29,-17.902,10.4,120.25,-17.902,C127,123.7,L29,0,CC_750DIA_N65
481,4668,CC_750DIA_N65,L29,18.85,10.4,120.25,18.85,C97,123.7,L29,0,CC_750DIA_N65
482,4670,CC_1000x500_N80,L29,-10.09,-6.2,120.25,-10.09,C123,123.7,L29,0,CC_1000x500_N80
483,4671,CC_1200x400_N80,L29,-22.909966666666666,-9.35,120.25,-22.909966666666666,C118,123.7,L29,0,CC_1200x400_N80
484,4672,CC_1200x400_N80,L29,-22.909966666666666,-0.7,120.25,-22.909966666666666,C103,123.7,L29,0,CC_1200x400_N80
485,4673,CC_800x450_N50,L29,-18.296,-14.739,120.25,-18.296,C134,123.7,L29,0,CC_800x450_N50
486,4674,CC_800x450_N50,L29,-24.085,-14.753,120.25,-24.085,C135,123.7,L29,0,CC_800x450_N50
487,4675,CC_800x450_N50,L29,-10.083,-14.758000000000001,120.25,-10.083,C136,123.7,L29,0,CC_800x450_N50
488,4676,CC_800x450_N50,L29,9.153,-14.74,120.25,9.153,C137,123.7,L29,0,CC_800x450_N50
489,4677,CC_800x450_N50,L29,17.687,-14.74,120.25,17.687,C138,123.7,L29,0,CC_800x450_N50
490,4678,CC_800x450_N50,L29,27.423000000000002,-14.74,120.25,27.423000000000002,C139,123.7,L29,0,CC_800x450_N50
491,4789,CC_750DIA_N65,L27,-17.902,10.4,113.35000000000001,-17.902,C127,116.8,L27,0,CC_750DIA_N65
492,4790,CC_750DIA_N65,L27,18.85,10.4,113.35000000000001,18.85,C97,116.8,L27,0,CC_750DIA_N65
493,4792,CC_1000x500_N80,L27,-10.09,-6.2,113.35000000000001,-10.09,C123,116.8,L27,0,CC_1000x500_N80
494,4793,CC_1200x400_N80,L27,-22.909966666666666,-9.35,113.35000000000001,-22.909966666666666,C118,116.8,L27,0,CC_1200x400_N80
495,4794,CC_1200x400_N80,L27,-22.909966666666666,-0.7,113.35000000000001,-22.909966666666666,C103,116.8,L27,0,CC_1200x400_N80
496,4795,CC_800x450_N50,L27,-18.296,-14.739,113.35000000000001,-18.296,C134,116.8,L27,0,CC_800x450_N50
497,4796,CC_800x450_N50,L27,-24.085,-14.753,113.35000000000001,-24.085,C135,116.8,L27,0,CC_800x450_N50
498,4797,CC_800x450_N50,L27,-10.083,-14.758000000000001,113.35000000000001,-10.083,C136,116.8,L27,0,CC_800x450_N50
499,4798,CC_800x450_N50,L27,9.153,-14.74,113.35000000000001,9.153,C137,116.8,L27,0,CC_800x450_N50
500,4799,CC_800x450_N50,L27,17.687,-14.74,113.35000000000001,17.687,C138,116.8,L27,0,CC_800x450_N50
501,4800,CC_800x450_N50,L27,27.423000000000002,-14.74,113.35000000000001,27.423000000000002,C139,116.8,L27,0,CC_800x450_N50
502,4911,CC_750DIA_N65,L25,-17.902,10.4,106.45,-17.902,C127,109.9,L25,0,CC_750DIA_N65
503,4912,CC_750DIA_N65,L25,18.85,10.4,106.45,18.85,C97,109.9,L25,0,CC_750DIA_N65
504,4914,CC_1000x500_N80,L25,-10.09,-6.2,106.45,-10.09,C123,109.9,L25,0,CC_1000x500_N80
505,4915,CC_1200x400_N80,L25,-22.909966666666666,-9.35,106.45,-22.909966666666666,C118,109.9,L25,0,CC_1200x400_N80
506,4916,CC_1200x400_N80,L25,-22.909966666666666,-0.7,106.45,-22.909966666666666,C103,109.9,L25,0,CC_1200x400_N80
507,4917,CC_800x450_N50,L25,-18.296,-14.739,106.45,-18.296,C134,109.9,L25,0,CC_800x450_N50
508,4918,CC_800x450_N50,L25,-24.085,-14.753,106.45,-24.085,C135,109.9,L25,0,CC_800x450_N50
509,4919,CC_800x450_N50,L25,-10.083,-14.758000000000001,106.45,-10.083,C136,109.9,L25,0,CC_800x450_N50
510,4920,CC_800x450_N50,L25,9.153,-14.74,106.45,9.153,C137,109.9,L25,0,CC_800x450_N50
511,4921,CC_800x450_N50,L25,17.687,-14.74,106.45,17.687,C138,109.9,L25,0,CC_800x450_N50
512,4922,CC_800x450_N50,L25,27.423000000000002,-14.74,106.45,27.423000000000002,C139,109.9,L25,0,CC_800x450_N50
513,5033,CC_750DIA_N65,L23,-17.902,10.4,99.55,-17.902,C127,103.0,L23,0,CC_750DIA_N65
514,5034,CC_750DIA_N65,L23,18.85,10.4,99.55,18.85,C97,103.0,L23,0,CC_750DIA_N65
515,5036,CC_1000x500_N80,L23,-10.09,-6.2,99.55,-10.09,C123,103.0,L23,0,CC_1000x500_N80
516,5037,CC_1200x400_N80,L23,-22.909966666666666,-9.35,99.55,-22.909966666666666,C118,103.0,L23,0,CC_1200x400_N80
517,5038,CC_1200x400_N80,L23,-22.909966666666666,-0.7,99.55,-22.909966666666666,C103,103.0,L23,0,CC_1200x400_N80
518,5039,CC_800x450_N50,L23,-18.296,-14.739,99.55,-18.296,C134,103.0,L23,0,CC_800x450_N50
519,5040,CC_800x450_N50,L23,-24.085,-14.753,99.55,-24.085,C135,103.0,L23,0,CC_800x450_N50
520,5041,CC_800x450_N50,L23,-10.083,-14.758000000000001,99.55,-10.083,C136,103.0,L23,0,CC_800x450_N50
521,5042,CC_800x450_N50,L23,9.153,-14.74,99.55,9.153,C137,103.0,L23,0,CC_800x450_N50
522,5043,CC_800x450_N50,L23,17.687,-14.74,99.55,17.687,C138,103.0,L23,0,CC_800x450_N50
523,5044,CC_800x450_N50,L23,27.423000000000002,-14.74,99.55,27.423000000000002,C139,103.0,L23,0,CC_800x450_N50
524,5155,CC_750DIA_N65,L21,-17.902,10.4,92.65,-17.902,C127,96.10000000000001,L21,0,CC_750DIA_N65
525,5156,CC_750DIA_N65,L21,18.85,10.4,92.65,18.85,C97,96.10000000000001,L21,0,CC_750DIA_N65
526,5158,CC_1000x500_N80,L21,-10.09,-6.2,92.65,-10.09,C123,96.10000000000001,L21,0,CC_1000x500_N80
527,5159,CC_1200x400_N80,L21,-22.909966666666666,-9.35,92.65,-22.909966666666666,C118,96.10000000000001,L21,0,CC_1200x400_N80
528,5160,CC_1200x400_N80,L21,-22.909966666666666,-0.7,92.65,-22.909966666666666,C103,96.10000000000001,L21,0,CC_1200x400_N80
529,5161,CC_800x450_N50,L21,-18.296,-14.739,92.65,-18.296,C134,96.10000000000001,L21,0,CC_800x450_N50
530,5162,CC_800x450_N50,L21,-24.085,-14.753,92.65,-24.085,C135,96.10000000000001,L21,0,CC_800x450_N50
531,5163,CC_800x450_N50,L21,-10.083,-14.758000000000001,92.65,-10.083,C136,96.10000000000001,L21,0,CC_800x450_N50
532,5164,CC_800x450_N50,L21,9.153,-14.74,92.65,9.153,C137,96.10000000000001,L21,0,CC_800x450_N50
533,5165,CC_800x450_N50,L21,17.687,-14.74,92.65,17.687,C138,96.10000000000001,L21,0,CC_800x450_N50
534,5166,CC_800x450_N50,L21,27.423000000000002,-14.74,92.65,27.423000000000002,C139,96.10000000000001,L21,0,CC_800x450_N50
535,5277,CC_750DIA_N65,L19,-17.902,10.4,85.75,-17.902,C127,89.2,L19,0,CC_750DIA_N65
536,5278,CC_750DIA_N65,L19,18.85,10.4,85.75,18.85,C97,89.2,L19,0,CC_750DIA_N65
537,5280,CC_1000x500_N80,L19,-10.09,-6.2,85.75,-10.09,C123,89.2,L19,0,CC_1000x500_N80
538,5281,CC_1200x400_N80,L19,-22.909966666666666,-9.35,85.75,-22.909966666666666,C118,89.2,L19,0,CC_1200x400_N80
539,5282,CC_1200x400_N80,L19,-22.909966666666666,-0.7,85.75,-22.909966666666666,C103,89.2,L19,0,CC_1200x400_N80
540,5283,CC_800x450_N50,L19,-18.296,-14.739,85.75,-18.296,C134,89.2,L19,0,CC_800x450_N50
541,5284,CC_800x450_N50,L19,-24.085,-14.753,85.75,-24.085,C135,89.2,L19,0,CC_800x450_N50
542,5285,CC_800x450_N50,L19,-10.083,-14.758000000000001,85.75,-10.083,C136,89.2,L19,0,CC_800x450_N50
543,5286,CC_800x450_N50,L19,9.153,-14.74,85.75,9.153,C137,89.2,L19,0,CC_800x450_N50
544,5287,CC_800x450_N50,L19,17.687,-14.74,85.75,17.687,C138,89.2,L19,0,CC_800x450_N50
545,5288,CC_800x450_N50,L19,27.423000000000002,-14.74,85.75,27.423000000000002,C139,89.2,L19,0,CC_800x450_N50
546,5399,CC_750DIA_N65,L17,-17.902,10.4,78.85000000000001,-17.902,C127,82.3,L17,0,CC_750DIA_N65
547,5400,CC_750DIA_N65,L17,18.85,10.4,78.85000000000001,18.85,C97,82.3,L17,0,CC_750DIA_N65
548,5402,CC_1000x500_N80,L17,-10.09,-6.2,78.85000000000001,-10.09,C123,82.3,L17,0,CC_1000x500_N80
549,5403,CC_1200x400_N80,L17,-22.909966666666666,-9.35,78.85000000000001,-22.909966666666666,C118,82.3,L17,0,CC_1200x400_N80
550,5404,CC_1200x400_N80,L17,-22.909966666666666,-0.7,78.85000000000001,-22.909966666666666,C103,82.3,L17,0,CC_1200x400_N80
551,5405,CC_800x450_N50,L17,-18.296,-14.739,78.85000000000001,-18.296,C134,82.3,L17,0,CC_800x450_N50
552,5406,CC_800x450_N50,L17,-24.085,-14.753,78.85000000000001,-24.085,C135,82.3,L17,0,CC_800x450_N50
553,5407,CC_800x450_N50,L17,-10.083,-14.758000000000001,78.85000000000001,-10.083,C136,82.3,L17,0,CC_800x450_N50
554,5408,CC_800x450_N50,L17,9.153,-14.74,78.85000000000001,9.153,C137,82.3,L17,0,CC_800x450_N50
555,5409,CC_800x450_N50,L17,17.687,-14.74,78.85000000000001,17.687,C138,82.3,L17,0,CC_800x450_N50
556,5410,CC_800x450_N50,L17,27.423000000000002,-14.74,78.85000000000001,27.423000000000002,C139,82.3,L17,0,CC_800x450_N50
557,5521,CC_750DIA_N65,L15,-17.902,10.4,71.95,-17.902,C127,75.4,L15,0,CC_750DIA_N65
558,5522,CC_750DIA_N65,L15,18.85,10.4,71.95,18.85,C97,75.4,L15,0,CC_750DIA_N65
559,5524,CC_1000x500_N80,L15,-10.09,-6.2,71.95,-10.09,C123,75.4,L15,0,CC_1000x500_N80
560,5525,CC_1200x400_N80,L15,-22.909966666666666,-9.35,71.95,-22.909966666666666,C118,75.4,L15,0,CC_1200x400_N80
561,5526,CC_1200x400_N80,L15,-22.909966666666666,-0.7,71.95,-22.909966666666666,C103,75.4,L15,0,CC_1200x400_N80
562,5527,CC_800x450_N50,L15,-18.296,-14.739,71.95,-18.296,C134,75.4,L15,0,CC_800x450_N50
563,5528,CC_800x450_N50,L15,-24.085,-14.753,71.95,-24.085,C135,75.4,L15,0,CC_800x450_N50
564,5529,CC_800x450_N50,L15,-10.083,-14.758000000000001,71.95,-10.083,C136,75.4,L15,0,CC_800x450_N50
565,5530,CC_800x450_N50,L15,9.153,-14.74,71.95,9.153,C137,75.4,L15,0,CC_800x450_N50
566,5531,CC_800x450_N50,L15,17.687,-14.74,71.95,17.687,C138,75.4,L15,0,CC_800x450_N50
567,5532,CC_800x450_N50,L15,27.423000000000002,-14.74,71.95,27.423000000000002,C139,75.4,L15,0,CC_800x450_N50
568,5643,CC_750DIA_N65,L13,-17.902,10.4,65.05,-17.902,C127,68.5,L13,0,CC_750DIA_N65
569,5644,CC_750DIA_N65,L13,18.85,10.4,65.05,18.85,C97,68.5,L13,0,CC_750DIA_N65
570,5646,CC_1000x500_N80,L13,-10.09,-6.2,65.05,-10.09,C123,68.5,L13,0,CC_1000x500_N80
571,5647,CC_1200x400_N80,L13,-22.909966666666666,-9.35,65.05,-22.909966666666666,C118,68.5,L13,0,CC_1200x400_N80
572,5648,CC_1200x400_N80,L13,-22.909966666666666,-0.7,65.05,-22.909966666666666,C103,68.5,L13,0,CC_1200x400_N80
573,5649,CC_800x450_N50,L13,-18.296,-14.739,65.05,-18.296,C134,68.5,L13,0,CC_800x450_N50
574,5650,CC_800x450_N50,L13,-24.085,-14.753,65.05,-24.085,C135,68.5,L13,0,CC_800x450_N50
575,5651,CC_800x450_N50,L13,-10.083,-14.758000000000001,65.05,-10.083,C136,68.5,L13,0,CC_800x450_N50
576,5652,CC_800x450_N50,L13,9.153,-14.74,65.05,9.153,C137,68.5,L13,0,CC_800x450_N50
577,5653,CC_800x450_N50,L13,17.687,-14.74,65.05,17.687,C138,68.5,L13,0,CC_800x450_N50
578,5654,CC_800x450_N50,L13,27.423000000000002,-14.74,65.05,27.423000000000002,C139,68.5,L13,0,CC_800x450_N50
579,5765,CC_750DIA_N65,L11,-17.902,10.4,58.15,-17.902,C127,61.6,L11,0,CC_750DIA_N65
580,5766,CC_750DIA_N65,L11,18.85,10.4,58.15,18.85,C97,61.6,L11,0,CC_750DIA_N65
581,5768,CC_1000x500_N80,L11,-10.09,-6.2,58.15,-10.09,C123,61.6,L11,0,CC_1000x500_N80
582,5769,CC_1200x400_N80,L11,-22.909966666666666,-9.35,58.15,-22.909966666666666,C118,61.6,L11,0,CC_1200x400_N80
583,5770,CC_1200x400_N80,L11,-22.909966666666666,-0.7,58.15,-22.909966666666666,C103,61.6,L11,0,CC_1200x400_N80
584,5771,CC_800x450_N50,L11,-18.296,-14.739,58.15,-18.296,C134,61.6,L11,0,CC_800x450_N50
585,5772,CC_800x450_N50,L11,-24.085,-14.753,58.15,-24.085,C135,61.6,L11,0,CC_800x450_N50
586,5773,CC_800x450_N50,L11,-10.083,-14.758000000000001,58.15,-10.083,C136,61.6,L11,0,CC_800x450_N50
587,5774,CC_800x450_N50,L11,9.153,-14.74,58.15,9.153,C137,61.6,L11,0,CC_800x450_N50
588,5775,CC_800x450_N50,L11,17.687,-14.74,58.15,17.687,C138,61.6,L11,0,CC_800x450_N50
589,5776,CC_800x450_N50,L11,27.423000000000002,-14.74,58.15,27.423000000000002,C139,61.6,L11,0,CC_800x450_N50
590,5887,CC_750DIA_N65,L9,-17.902,10.4,51.25,-17.902,C127,54.7,L9,0,CC_750DIA_N65
591,5888,CC_750DIA_N65,L9,18.85,10.4,51.25,18.85,C97,54.7,L9,0,CC_750DIA_N65
592,5890,CC_1000x500_N80,L9,-10.09,-6.2,51.25,-10.09,C123,54.7,L9,0,CC_1000x500_N80
593,5891,CC_1200x400_N80,L9,-22.909966666666666,-9.35,51.25,-22.909966666666666,C118,54.7,L9,0,CC_1200x400_N80
594,5892,CC_1200x400_N80,L9,-22.909966666666666,-0.7,51.25,-22.909966666666666,C103,54.7,L9,0,CC_1200x400_N80
595,5893,CC_800x450_N50,L9,-18.296,-14.739,51.25,-18.296,C134,54.7,L9,0,CC_800x450_N50
596,5894,CC_800x450_N50,L9,-24.085,-14.753,51.25,-24.085,C135,54.7,L9,0,CC_800x450_N50
597,5895,CC_800x450_N50,L9,-10.083,-14.758000000000001,51.25,-10.083,C136,54.7,L9,0,CC_800x450_N50
598,5896,CC_800x450_N50,L9,9.153,-14.74,51.25,9.153,C137,54.7,L9,0,CC_800x450_N50
599,5897,CC_800x450_N50,L9,17.687,-14.74,51.25,17.687,C138,54.7,L9,0,CC_800x450_N50
600,5898,CC_800x450_N50,L9,27.423000000000002,-14.74,51.25,27.423000000000002,C139,54.7,L9,0,CC_800x450_N50
601,506,CC_1000x500_N80,MEZZ,0.0,11.35,20.05,0.0,C116,23.28,MEZZ,0,CC_1000x500_N80
602,540,CC_1000x500_N80,L2,0.0,11.35,26.55,0.0,C116,29.55,L2,0,CC_1000x500_N80
603,578,CC_1000x500_N80,L1,0.0,11.35,23.28,0.0,C116,26.55,L1,0,CC_1000x500_N80
604,905,CC_1000x1000_N65,B1,-19.990000000000002,5.8,13.25,-19.990000000000002,C126,16.35,B1,0,CC_1000x1000_N65
605,906,CC_1000x500_N80,GL,0.0,11.35,16.35,0.0,C116,20.05,GL,0,CC_1000x500_N80
606,907,CC_1000x500_N80,B1,0.0,11.35,13.25,0.0,C116,16.35,B1,0,CC_1000x500_N80
607,2,CC_750DIA_N65,L6,22.555,7.5,40.9,22.555,C98,44.35,L6,0,CC_750DIA_N65
608,10,CC_750DIA_N65,L35 RT,22.555,7.5,141.5,22.555,C98,146.65,L35 RT,0,CC_750DIA_N65
609,121,CC_750DIA_N65,L34 RTU,22.555,7.5,138.8,22.555,C98,141.5,L34 RTU,0,CC_750DIA_N65
610,323,CC_750DIA_N65,L33,22.555,7.5,134.05,22.555,C98,138.8,L33,0,CC_750DIA_N65
611,331,CC_750DIA_N65,L32,22.555,7.5,130.6,22.555,C98,134.05,L32,0,CC_750DIA_N65
612,420,CC_750DIA_N65,L31,22.555,7.5,127.15,22.555,C98,130.6,L31,0,CC_750DIA_N65
613,422,CC_750DIA_N65,L30,22.555,7.5,123.7,22.555,C98,127.15,L30,0,CC_750DIA_N65
614,693,CC_750DIA_N65,L29,22.555,7.5,120.25,22.555,C98,123.7,L29,0,CC_750DIA_N65
615,876,CC_750DIA_N65,L28,22.555,7.5,116.8,22.555,C98,120.25,L28,0,CC_750DIA_N65
616,903,CC_750DIA_N65,L27,22.555,7.5,113.35000000000001,22.555,C98,116.8,L27,0,CC_750DIA_N65
617,904,CC_750DIA_N65,L26,22.555,7.5,109.9,22.555,C98,113.35000000000001,L26,0,CC_750DIA_N65
618,908,CC_750DIA_N65,L25,22.555,7.5,106.45,22.555,C98,109.9,L25,0,CC_750DIA_N65
619,909,CC_750DIA_N65,L24,22.555,7.5,103.0,22.555,C98,106.45,L24,0,CC_750DIA_N65
620,910,CC_750DIA_N65,L23,22.555,7.5,99.55,22.555,C98,103.0,L23,0,CC_750DIA_N65
621,911,CC_750DIA_N65,L22,22.555,7.5,96.10000000000001,22.555,C98,99.55,L22,0,CC_750DIA_N65
622,912,CC_750DIA_N65,L21,22.555,7.5,92.65,22.555,C98,96.10000000000001,L21,0,CC_750DIA_N65
623,913,CC_750DIA_N65,L20,22.555,7.5,89.2,22.555,C98,92.65,L20,0,CC_750DIA_N65
624,914,CC_750DIA_N65,L19,22.555,7.5,85.75,22.555,C98,89.2,L19,0,CC_750DIA_N65
625,915,CC_750DIA_N65,L18,22.555,7.5,82.3,22.555,C98,85.75,L18,0,CC_750DIA_N65
626,916,CC_750DIA_N65,L17,22.555,7.5,78.85000000000001,22.555,C98,82.3,L17,0,CC_750DIA_N65
627,917,CC_750DIA_N65,L16,22.555,7.5,75.4,22.555,C98,78.85000000000001,L16,0,CC_750DIA_N65
628,918,CC_750DIA_N65,L15,22.555,7.5,71.95,22.555,C98,75.4,L15,0,CC_750DIA_N65
629,919,CC_750DIA_N65,L14,22.555,7.5,68.5,22.555,C98,71.95,L14,0,CC_750DIA_N65
630,920,CC_750DIA_N65,L13,22.555,7.5,65.05,22.555,C98,68.5,L13,0,CC_750DIA_N65
631,921,CC_750DIA_N65,L12,22.555,7.5,61.6,22.555,C98,65.05,L12,0,CC_750DIA_N65
632,922,CC_750DIA_N65,L11,22.555,7.5,58.15,22.555,C98,61.6,L11,0,CC_750DIA_N65
633,923,CC_750DIA_N65,L10,22.555,7.5,54.7,22.555,C98,58.15,L10,0,CC_750DIA_N65
634,924,CC_750DIA_N65,L9,22.555,7.5,51.25,22.555,C98,54.7,L9,0,CC_750DIA_N65
635,925,CC_750DIA_N65,L8,22.555,7.5,47.800000000000004,22.555,C98,51.25,L8,0,CC_750DIA_N65
636,926,CC_750DIA_N65,L7,22.555,7.5,44.35,22.555,C98,47.800000000000004,L7,0,CC_750DIA_N65
637,927,CC_1000x1000_N65,MEZZ,39.9,7.5,20.05,39.9,C9,23.28,MEZZ,0,CC_1000x1000_N65
638,928,CC_1000x1000_N65,MEZZ,39.9,10.4,20.05,39.9,C117,23.28,MEZZ,0,CC_1000x1000_N65
639,929,CC_1000x1000_N65,GL,39.9,7.5,16.35,39.9,C9,20.05,GL,0,CC_1000x1000_N65
640,930,CC_1000x1000_N65,GL,39.9,10.4,16.35,39.9,C117,20.05,GL,0,CC_1000x1000_N65
641,931,CC_1000x1000_N65,B1,39.9,7.5,13.25,39.9,C9,16.35,B1,0,CC_1000x1000_N65
642,932,CC_1000x1000_N65,B1,39.9,10.4,13.25,39.9,C117,16.35,B1,0,CC_1000x1000_N65
643,28,CC_1000x800_N80,B1,9.4,-7.07,13.25,9.4,C110,16.35,B1,0,CC_1000x800_N80
644,29,CC_1000x800_N80,B1,9.4,0.0,13.25,9.4,C111,16.35,B1,0,CC_1000x800_N80
645,30,CC_1000x800_N80,B1,-10.09,0.0,13.25,-10.09,C122,16.35,B1,0,CC_1000x800_N80
646,139,CC_1000x800_N80,B1,-10.09,-6.2,13.25,-10.09,C123,16.35,B1,0,CC_1000x800_N80
647,723,CC_1000x500_N80,L6,-21.96,5.8,40.9,-21.96,C27,44.35,L6,0,CC_1000x500_N80
648,730,CC_1000x500_N80,L6,-18.02,5.8,40.9,-18.02,C28,44.35,L6,0,CC_1000x500_N80
649,731,CC_1000x500_N80,L35 RT,-21.96,5.8,141.5,-21.96,C27,146.65,L35 RT,0,CC_1000x500_N80
650,732,CC_1000x500_N80,L35 RT,-18.02,5.8,141.5,-18.02,C28,146.65,L35 RT,0,CC_1000x500_N80
651,733,CC_1000x500_N80,L34 RTU,-21.96,5.8,138.8,-21.96,C27,141.5,L34 RTU,0,CC_1000x500_N80
652,734,CC_1000x500_N80,L34 RTU,-18.02,5.8,138.8,-18.02,C28,141.5,L34 RTU,0,CC_1000x500_N80
653,735,CC_1000x500_N80,L33,-21.96,5.8,134.05,-21.96,C27,138.8,L33,0,CC_1000x500_N80
654,736,CC_1000x500_N80,L33,-18.02,5.8,134.05,-18.02,C28,138.8,L33,0,CC_1000x500_N80
655,737,CC_1000x500_N80,L32,-21.96,5.8,130.6,-21.96,C27,134.05,L32,0,CC_1000x500_N80
656,738,CC_1000x500_N80,L32,-18.02,5.8,130.6,-18.02,C28,134.05,L32,0,CC_1000x500_N80
657,739,CC_1000x500_N80,L31,-21.96,5.8,127.15,-21.96,C27,130.6,L31,0,CC_1000x500_N80
658,740,CC_1000x500_N80,L31,-18.02,5.8,127.15,-18.02,C28,130.6,L31,0,CC_1000x500_N80
659,741,CC_1000x500_N80,L30,-21.96,5.8,123.7,-21.96,C27,127.15,L30,0,CC_1000x500_N80
660,742,CC_1000x500_N80,L30,-18.02,5.8,123.7,-18.02,C28,127.15,L30,0,CC_1000x500_N80
661,743,CC_1000x500_N80,L29,-21.96,5.8,120.25,-21.96,C27,123.7,L29,0,CC_1000x500_N80
662,744,CC_1000x500_N80,L29,-18.02,5.8,120.25,-18.02,C28,123.7,L29,0,CC_1000x500_N80
663,745,CC_1000x500_N80,L28,-21.96,5.8,116.8,-21.96,C27,120.25,L28,0,CC_1000x500_N80
664,746,CC_1000x500_N80,L28,-18.02,5.8,116.8,-18.02,C28,120.25,L28,0,CC_1000x500_N80
665,747,CC_1000x500_N80,L27,-21.96,5.8,113.35000000000001,-21.96,C27,116.8,L27,0,CC_1000x500_N80
666,748,CC_1000x500_N80,L27,-18.02,5.8,113.35000000000001,-18.02,C28,116.8,L27,0,CC_1000x500_N80
667,749,CC_1000x500_N80,L26,-21.96,5.8,109.9,-21.96,C27,113.35000000000001,L26,0,CC_1000x500_N80
668,750,CC_1000x500_N80,L26,-18.02,5.8,109.9,-18.02,C28,113.35000000000001,L26,0,CC_1000x500_N80
669,751,CC_1000x500_N80,L25,-21.96,5.8,106.45,-21.96,C27,109.9,L25,0,CC_1000x500_N80
670,752,CC_1000x500_N80,L25,-18.02,5.8,106.45,-18.02,C28,109.9,L25,0,CC_1000x500_N80
671,753,CC_1000x500_N80,L24,-21.96,5.8,103.0,-21.96,C27,106.45,L24,0,CC_1000x500_N80
672,762,CC_1000x500_N80,L24,-18.02,5.8,103.0,-18.02,C28,106.45,L24,0,CC_1000x500_N80
673,763,CC_1000x500_N80,L23,-21.96,5.8,99.55,-21.96,C27,103.0,L23,0,CC_1000x500_N80
674,764,CC_1000x500_N80,L23,-18.02,5.8,99.55,-18.02,C28,103.0,L23,0,CC_1000x500_N80
675,765,CC_1000x500_N80,L22,-21.96,5.8,96.10000000000001,-21.96,C27,99.55,L22,0,CC_1000x500_N80
676,766,CC_1000x500_N80,L22,-18.02,5.8,96.10000000000001,-18.02,C28,99.55,L22,0,CC_1000x500_N80
677,767,CC_1000x500_N80,L21,-21.96,5.8,92.65,-21.96,C27,96.10000000000001,L21,0,CC_1000x500_N80
678,768,CC_1000x500_N80,L21,-18.02,5.8,92.65,-18.02,C28,96.10000000000001,L21,0,CC_1000x500_N80
679,769,CC_1000x500_N80,L20,-21.96,5.8,89.2,-21.96,C27,92.65,L20,0,CC_1000x500_N80
680,770,CC_1000x500_N80,L20,-18.02,5.8,89.2,-18.02,C28,92.65,L20,0,CC_1000x500_N80
681,771,CC_1000x500_N80,L19,-21.96,5.8,85.75,-21.96,C27,89.2,L19,0,CC_1000x500_N80
682,773,CC_1000x500_N80,L19,-18.02,5.8,85.75,-18.02,C28,89.2,L19,0,CC_1000x500_N80
683,774,CC_1000x500_N80,L18,-21.96,5.8,82.3,-21.96,C27,85.75,L18,0,CC_1000x500_N80
684,775,CC_1000x500_N80,L18,-18.02,5.8,82.3,-18.02,C28,85.75,L18,0,CC_1000x500_N80
685,776,CC_1000x500_N80,L17,-21.96,5.8,78.85000000000001,-21.96,C27,82.3,L17,0,CC_1000x500_N80
686,777,CC_1000x500_N80,L17,-18.02,5.8,78.85000000000001,-18.02,C28,82.3,L17,0,CC_1000x500_N80
687,778,CC_1000x500_N80,L16,-21.96,5.8,75.4,-21.96,C27,78.85000000000001,L16,0,CC_1000x500_N80
688,779,CC_1000x500_N80,L16,-18.02,5.8,75.4,-18.02,C28,78.85000000000001,L16,0,CC_1000x500_N80
689,780,CC_1000x500_N80,L15,-21.96,5.8,71.95,-21.96,C27,75.4,L15,0,CC_1000x500_N80
690,781,CC_1000x500_N80,L15,-18.02,5.8,71.95,-18.02,C28,75.4,L15,0,CC_1000x500_N80
691,782,CC_1000x500_N80,L14,-21.96,5.8,68.5,-21.96,C27,71.95,L14,0,CC_1000x500_N80
692,783,CC_1000x500_N80,L14,-18.02,5.8,68.5,-18.02,C28,71.95,L14,0,CC_1000x500_N80
693,784,CC_1000x500_N80,L13,-21.96,5.8,65.05,-21.96,C27,68.5,L13,0,CC_1000x500_N80
694,785,CC_1000x500_N80,L13,-18.02,5.8,65.05,-18.02,C28,68.5,L13,0,CC_1000x500_N80
695,786,CC_1000x500_N80,L12,-21.96,5.8,61.6,-21.96,C27,65.05,L12,0,CC_1000x500_N80
696,795,CC_1000x500_N80,L12,-18.02,5.8,61.6,-18.02,C28,65.05,L12,0,CC_1000x500_N80
697,796,CC_1000x500_N80,L11,-21.96,5.8,58.15,-21.96,C27,61.6,L11,0,CC_1000x500_N80
698,797,CC_1000x500_N80,L11,-18.02,5.8,58.15,-18.02,C28,61.6,L11,0,CC_1000x500_N80
699,798,CC_1000x500_N80,L10,-21.96,5.8,54.7,-21.96,C27,58.15,L10,0,CC_1000x500_N80
700,799,CC_1000x500_N80,L10,-18.02,5.8,54.7,-18.02,C28,58.15,L10,0,CC_1000x500_N80
701,800,CC_1000x500_N80,L9,-21.96,5.8,51.25,-21.96,C27,54.7,L9,0,CC_1000x500_N80
702,801,CC_1000x500_N80,L9,-18.02,5.8,51.25,-18.02,C28,54.7,L9,0,CC_1000x500_N80
703,802,CC_1000x500_N80,L8,-21.96,5.8,47.800000000000004,-21.96,C27,51.25,L8,0,CC_1000x500_N80
704,803,CC_1000x500_N80,L8,-18.02,5.8,47.800000000000004,-18.02,C28,51.25,L8,0,CC_1000x500_N80
705,856,CC_1000x500_N80,L7,-21.96,5.8,44.35,-21.96,C27,47.800000000000004,L7,0,CC_1000x500_N80
706,857,CC_1000x500_N80,L7,-18.02,5.8,44.35,-18.02,C28,47.800000000000004,L7,0,CC_1000x500_N80
707,40,CC_500x500_N50,L34 RTU,-4.085,0.0,138.8,-4.085,C29,141.5,L34 RTU,0,CC_500x500_N50
708,110,CC_500x500_N50,L34 RTU,4.084999999999998,0.0,138.8,4.084999999999998,C39,141.5,L34 RTU,0,CC_500x500_N50
709,111,CC_500x500_N50,ROOF,-4.085,0.0,146.65,-4.085,C29,154.45000000000002,ROOF,0,CC_500x500_N50
710,934,CC_500x500_N50,ROOF,4.084999999999998,0.0,146.65,4.084999999999998,C39,154.45000000000002,ROOF,0,CC_500x500_N50
711,935,CC_500x500_N50,L35 RT,-4.085,0.0,141.5,-4.085,C29,146.65,L35 RT,0,CC_500x500_N50
712,940,CC_500x500_N50,L35 RT,4.084999999999998,0.0,141.5,4.084999999999998,C39,146.65,L35 RT,0,CC_500x500_N50
